feat_mode	scenario	model	variant	accuracy_mean	accuracy_sd	accuracy_se	accuracy_lo	accuracy_hi	accuracy_n	precision_mean	precision_sd	precision_se	precision_lo	precision_hi	precision_n	recall_mean	recall_sd	recall_se	recall_lo	recall_hi	recall_n	f1_mean	f1_sd	f1_se	f1_lo	f1_hi	f1_n	auc_mean	auc_sd	auc_se	auc_lo	auc_hi	auc_n
Básico	Original	AdaBoost	grid_best_fold1	0.63	0.0	0.0	0.63	0.63	1	0.475	0.0	0.0	0.475	0.475	1	0.54286	0.0	0.0	0.54286	0.54286	1	0.50667	0.0	0.0	0.50667	0.50667	1	0.65648	0.0	0.0	0.65648	0.65648	1
Básico	Original	AdaBoost	grid_best_fold10	0.6	0.0	0.0	0.6	0.6	1	0.44444	0.0	0.0	0.44444	0.44444	1	0.44444	0.0	0.0	0.44444	0.44444	1	0.44444	0.0	0.0	0.44444	0.44444	1	0.68294	0.0	0.0	0.68294	0.68294	1
Básico	Original	AdaBoost	grid_best_fold2	0.67	0.0	0.0	0.67	0.67	1	0.53125	0.0	0.0	0.53125	0.53125	1	0.48571	0.0	0.0	0.48571	0.48571	1	0.50746	0.0	0.0	0.50746	0.50746	1	0.6989	0.0	0.0	0.6989	0.6989	1
Básico	Original	AdaBoost	grid_best_fold3	0.68	0.0	0.0	0.68	0.68	1	0.56667	0.0	0.0	0.56667	0.56667	1	0.47222	0.0	0.0	0.47222	0.47222	1	0.51515	0.0	0.0	0.51515	0.51515	1	0.77235	0.0	0.0	0.77235	0.77235	1
Básico	Original	AdaBoost	grid_best_fold4	0.69	0.0	0.0	0.69	0.69	1	0.58065	0.0	0.0	0.58065	0.58065	1	0.5	0.0	0.0	0.5	0.5	1	0.53731	0.0	0.0	0.53731	0.53731	1	0.74023	0.0	0.0	0.74023	0.74023	1
Básico	Original	AdaBoost	grid_best_fold5	0.65	0.0	0.0	0.65	0.65	1	0.51724	0.0	0.0	0.51724	0.51724	1	0.41667	0.0	0.0	0.41667	0.41667	1	0.46154	0.0	0.0	0.46154	0.46154	1	0.69987	0.0	0.0	0.69987	0.69987	1
Básico	Original	AdaBoost	grid_best_fold6	0.66	0.0	0.0	0.66	0.66	1	0.53125	0.0	0.0	0.53125	0.53125	1	0.47222	0.0	0.0	0.47222	0.47222	1	0.5	0.0	0.0	0.5	0.5	1	0.7526	0.0	0.0	0.7526	0.7526	1
Básico	Original	AdaBoost	grid_best_fold7	0.59	0.0	0.0	0.59	0.59	1	0.43243	0.0	0.0	0.43243	0.43243	1	0.44444	0.0	0.0	0.44444	0.44444	1	0.43836	0.0	0.0	0.43836	0.43836	1	0.68967	0.0	0.0	0.68967	0.68967	1
Básico	Original	AdaBoost	grid_best_fold8	0.68	0.0	0.0	0.68	0.68	1	0.55263	0.0	0.0	0.55263	0.55263	1	0.58333	0.0	0.0	0.58333	0.58333	1	0.56757	0.0	0.0	0.56757	0.56757	1	0.73524	0.0	0.0	0.73524	0.73524	1
Básico	Original	AdaBoost	grid_best_fold9	0.7	0.0	0.0	0.7	0.7	1	0.575	0.0	0.0	0.575	0.575	1	0.63889	0.0	0.0	0.63889	0.63889	1	0.60526	0.0	0.0	0.60526	0.60526	1	0.78277	0.0	0.0	0.78277	0.78277	1
Básico	Original	DT	grid_best_fold1	0.59	0.0	0.0	0.59	0.59	1	0.43182	0.0	0.0	0.43182	0.43182	1	0.54286	0.0	0.0	0.54286	0.54286	1	0.48101	0.0	0.0	0.48101	0.48101	1	0.5833	0.0	0.0	0.5833	0.5833	1
Básico	Original	DT	grid_best_fold10	0.61	0.0	0.0	0.61	0.61	1	0.46154	0.0	0.0	0.46154	0.46154	1	0.5	0.0	0.0	0.5	0.5	1	0.48	0.0	0.0	0.48	0.48	1	0.68989	0.0	0.0	0.68989	0.68989	1
Básico	Original	DT	grid_best_fold2	0.6	0.0	0.0	0.6	0.6	1	0.43243	0.0	0.0	0.43243	0.43243	1	0.45714	0.0	0.0	0.45714	0.45714	1	0.44444	0.0	0.0	0.44444	0.44444	1	0.57055	0.0	0.0	0.57055	0.57055	1
Básico	Original	DT	grid_best_fold3	0.71	0.0	0.0	0.71	0.71	1	0.62963	0.0	0.0	0.62963	0.62963	1	0.47222	0.0	0.0	0.47222	0.47222	1	0.53968	0.0	0.0	0.53968	0.53968	1	0.65582	0.0	0.0	0.65582	0.65582	1
Básico	Original	DT	grid_best_fold4	0.65	0.0	0.0	0.65	0.65	1	0.51351	0.0	0.0	0.51351	0.51351	1	0.52778	0.0	0.0	0.52778	0.52778	1	0.52055	0.0	0.0	0.52055	0.52055	1	0.62326	0.0	0.0	0.62326	0.62326	1
Básico	Original	DT	grid_best_fold5	0.66	0.0	0.0	0.66	0.66	1	0.53333	0.0	0.0	0.53333	0.53333	1	0.44444	0.0	0.0	0.44444	0.44444	1	0.48485	0.0	0.0	0.48485	0.48485	1	0.61285	0.0	0.0	0.61285	0.61285	1
Básico	Original	DT	grid_best_fold6	0.65	0.0	0.0	0.65	0.65	1	0.51429	0.0	0.0	0.51429	0.51429	1	0.5	0.0	0.0	0.5	0.5	1	0.50704	0.0	0.0	0.50704	0.50704	1	0.7398	0.0	0.0	0.7398	0.7398	1
Básico	Original	DT	grid_best_fold7	0.6	0.0	0.0	0.6	0.6	1	0.44737	0.0	0.0	0.44737	0.44737	1	0.47222	0.0	0.0	0.47222	0.47222	1	0.45946	0.0	0.0	0.45946	0.45946	1	0.57205	0.0	0.0	0.57205	0.57205	1
Básico	Original	DT	grid_best_fold8	0.54	0.0	0.0	0.54	0.54	1	0.4	0.0	0.0	0.4	0.4	1	0.55556	0.0	0.0	0.55556	0.55556	1	0.46512	0.0	0.0	0.46512	0.46512	1	0.59701	0.0	0.0	0.59701	0.59701	1
Básico	Original	DT	grid_best_fold9	0.62	0.0	0.0	0.62	0.62	1	0.48148	0.0	0.0	0.48148	0.48148	1	0.72222	0.0	0.0	0.72222	0.72222	1	0.57778	0.0	0.0	0.57778	0.57778	1	0.6747	0.0	0.0	0.6747	0.6747	1
Básico	Original	ExtraTrees	grid_best_fold1	0.59	0.0	0.0	0.59	0.59	1	0.425	0.0	0.0	0.425	0.425	1	0.48571	0.0	0.0	0.48571	0.48571	1	0.45333	0.0	0.0	0.45333	0.45333	1	0.61802	0.0	0.0	0.61802	0.61802	1
Básico	Original	ExtraTrees	grid_best_fold10	0.62	0.0	0.0	0.62	0.62	1	0.47368	0.0	0.0	0.47368	0.47368	1	0.5	0.0	0.0	0.5	0.5	1	0.48649	0.0	0.0	0.48649	0.48649	1	0.73698	0.0	0.0	0.73698	0.73698	1
Básico	Original	ExtraTrees	grid_best_fold2	0.61	0.0	0.0	0.61	0.61	1	0.44444	0.0	0.0	0.44444	0.44444	1	0.45714	0.0	0.0	0.45714	0.45714	1	0.4507	0.0	0.0	0.4507	0.4507	1	0.67956	0.0	0.0	0.67956	0.67956	1
Básico	Original	ExtraTrees	grid_best_fold3	0.73	0.0	0.0	0.73	0.73	1	0.63636	0.0	0.0	0.63636	0.63636	1	0.58333	0.0	0.0	0.58333	0.58333	1	0.6087	0.0	0.0	0.6087	0.6087	1	0.81836	0.0	0.0	0.81836	0.81836	1
Básico	Original	ExtraTrees	grid_best_fold4	0.6	0.0	0.0	0.6	0.6	1	0.4375	0.0	0.0	0.4375	0.4375	1	0.38889	0.0	0.0	0.38889	0.38889	1	0.41176	0.0	0.0	0.41176	0.41176	1	0.72027	0.0	0.0	0.72027	0.72027	1
Básico	Original	ExtraTrees	grid_best_fold5	0.67	0.0	0.0	0.67	0.67	1	0.54545	0.0	0.0	0.54545	0.54545	1	0.5	0.0	0.0	0.5	0.5	1	0.52174	0.0	0.0	0.52174	0.52174	1	0.77322	0.0	0.0	0.77322	0.77322	1
Básico	Original	ExtraTrees	grid_best_fold6	0.66	0.0	0.0	0.66	0.66	1	0.53846	0.0	0.0	0.53846	0.53846	1	0.38889	0.0	0.0	0.38889	0.38889	1	0.45161	0.0	0.0	0.45161	0.45161	1	0.76823	0.0	0.0	0.76823	0.76823	1
Básico	Original	ExtraTrees	grid_best_fold7	0.64	0.0	0.0	0.64	0.64	1	0.5	0.0	0.0	0.5	0.5	1	0.5	0.0	0.0	0.5	0.5	1	0.5	0.0	0.0	0.5	0.5	1	0.71463	0.0	0.0	0.71463	0.71463	1
Básico	Original	ExtraTrees	grid_best_fold8	0.69	0.0	0.0	0.69	0.69	1	0.56098	0.0	0.0	0.56098	0.56098	1	0.63889	0.0	0.0	0.63889	0.63889	1	0.5974	0.0	0.0	0.5974	0.5974	1	0.77799	0.0	0.0	0.77799	0.77799	1
Básico	Original	ExtraTrees	grid_best_fold9	0.72	0.0	0.0	0.72	0.72	1	0.61111	0.0	0.0	0.61111	0.61111	1	0.61111	0.0	0.0	0.61111	0.61111	1	0.61111	0.0	0.0	0.61111	0.61111	1	0.7615	0.0	0.0	0.7615	0.7615	1
Básico	Original	GaussianNB	grid_best_fold1	0.54	0.0	0.0	0.54	0.54	1	0.4321	0.0	0.0	0.4321	0.4321	1	1.0	0.0	0.0	1.0	1.0	1	0.60345	0.0	0.0	0.60345	0.60345	1	0.65385	0.0	0.0	0.65385	0.65385	1
Básico	Original	GaussianNB	grid_best_fold10	0.59	0.0	0.0	0.59	0.59	1	0.46667	0.0	0.0	0.46667	0.46667	1	0.97222	0.0	0.0	0.97222	0.97222	1	0.63063	0.0	0.0	0.63063	0.63063	1	0.69401	0.0	0.0	0.69401	0.69401	1
Básico	Original	GaussianNB	grid_best_fold2	0.56	0.0	0.0	0.56	0.56	1	0.44156	0.0	0.0	0.44156	0.44156	1	0.97143	0.0	0.0	0.97143	0.97143	1	0.60714	0.0	0.0	0.60714	0.60714	1	0.65802	0.0	0.0	0.65802	0.65802	1
Básico	Original	GaussianNB	grid_best_fold3	0.62	0.0	0.0	0.62	0.62	1	0.48571	0.0	0.0	0.48571	0.48571	1	0.94444	0.0	0.0	0.94444	0.94444	1	0.64151	0.0	0.0	0.64151	0.64151	1	0.71007	0.0	0.0	0.71007	0.71007	1
Básico	Original	GaussianNB	grid_best_fold4	0.64	0.0	0.0	0.64	0.64	1	0.5	0.0	0.0	0.5	0.5	1	1.0	0.0	0.0	1.0	1.0	1	0.66667	0.0	0.0	0.66667	0.66667	1	0.72656	0.0	0.0	0.72656	0.72656	1
Básico	Original	GaussianNB	grid_best_fold5	0.7	0.0	0.0	0.7	0.7	1	0.54545	0.0	0.0	0.54545	0.54545	1	1.0	0.0	0.0	1.0	1.0	1	0.70588	0.0	0.0	0.70588	0.70588	1	0.76562	0.0	0.0	0.76562	0.76562	1
Básico	Original	GaussianNB	grid_best_fold6	0.68	0.0	0.0	0.68	0.68	1	0.53125	0.0	0.0	0.53125	0.53125	1	0.94444	0.0	0.0	0.94444	0.94444	1	0.68	0.0	0.0	0.68	0.68	1	0.76562	0.0	0.0	0.76562	0.76562	1
Básico	Original	GaussianNB	grid_best_fold7	0.62	0.0	0.0	0.62	0.62	1	0.48649	0.0	0.0	0.48649	0.48649	1	1.0	0.0	0.0	1.0	1.0	1	0.65455	0.0	0.0	0.65455	0.65455	1	0.70312	0.0	0.0	0.70312	0.70312	1
Básico	Original	GaussianNB	grid_best_fold8	0.57	0.0	0.0	0.57	0.57	1	0.45333	0.0	0.0	0.45333	0.45333	1	0.94444	0.0	0.0	0.94444	0.94444	1	0.61261	0.0	0.0	0.61261	0.61261	1	0.65017	0.0	0.0	0.65017	0.65017	1
Básico	Original	GaussianNB	grid_best_fold9	0.61	0.0	0.0	0.61	0.61	1	0.47826	0.0	0.0	0.47826	0.47826	1	0.91667	0.0	0.0	0.91667	0.91667	1	0.62857	0.0	0.0	0.62857	0.62857	1	0.69727	0.0	0.0	0.69727	0.69727	1
Básico	Original	GradientBoosting	grid_best_fold1	0.59	0.0	0.0	0.59	0.59	1	0.425	0.0	0.0	0.425	0.425	1	0.48571	0.0	0.0	0.48571	0.48571	1	0.45333	0.0	0.0	0.45333	0.45333	1	0.65209	0.0	0.0	0.65209	0.65209	1
Básico	Original	GradientBoosting	grid_best_fold10	0.57	0.0	0.0	0.57	0.57	1	0.4	0.0	0.0	0.4	0.4	1	0.38889	0.0	0.0	0.38889	0.38889	1	0.39437	0.0	0.0	0.39437	0.39437	1	0.67708	0.0	0.0	0.67708	0.67708	1
Básico	Original	GradientBoosting	grid_best_fold2	0.65	0.0	0.0	0.65	0.65	1	0.5	0.0	0.0	0.5	0.5	1	0.51429	0.0	0.0	0.51429	0.51429	1	0.50704	0.0	0.0	0.50704	0.50704	1	0.68791	0.0	0.0	0.68791	0.68791	1
Básico	Original	GradientBoosting	grid_best_fold3	0.74	0.0	0.0	0.74	0.74	1	0.69231	0.0	0.0	0.69231	0.69231	1	0.5	0.0	0.0	0.5	0.5	1	0.58065	0.0	0.0	0.58065	0.58065	1	0.81098	0.0	0.0	0.81098	0.81098	1
Básico	Original	GradientBoosting	grid_best_fold4	0.68	0.0	0.0	0.68	0.68	1	0.57692	0.0	0.0	0.57692	0.57692	1	0.41667	0.0	0.0	0.41667	0.41667	1	0.48387	0.0	0.0	0.48387	0.48387	1	0.75629	0.0	0.0	0.75629	0.75629	1
Básico	Original	GradientBoosting	grid_best_fold5	0.67	0.0	0.0	0.67	0.67	1	0.54839	0.0	0.0	0.54839	0.54839	1	0.47222	0.0	0.0	0.47222	0.47222	1	0.50746	0.0	0.0	0.50746	0.50746	1	0.72092	0.0	0.0	0.72092	0.72092	1
Básico	Original	GradientBoosting	grid_best_fold6	0.67	0.0	0.0	0.67	0.67	1	0.55172	0.0	0.0	0.55172	0.55172	1	0.44444	0.0	0.0	0.44444	0.44444	1	0.49231	0.0	0.0	0.49231	0.49231	1	0.75651	0.0	0.0	0.75651	0.75651	1
Básico	Original	GradientBoosting	grid_best_fold7	0.65	0.0	0.0	0.65	0.65	1	0.51515	0.0	0.0	0.51515	0.51515	1	0.47222	0.0	0.0	0.47222	0.47222	1	0.49275	0.0	0.0	0.49275	0.49275	1	0.70486	0.0	0.0	0.70486	0.70486	1
Básico	Original	GradientBoosting	grid_best_fold8	0.64	0.0	0.0	0.64	0.64	1	0.5	0.0	0.0	0.5	0.5	1	0.55556	0.0	0.0	0.55556	0.55556	1	0.52632	0.0	0.0	0.52632	0.52632	1	0.71918	0.0	0.0	0.71918	0.71918	1
Básico	Original	GradientBoosting	grid_best_fold9	0.73	0.0	0.0	0.73	0.73	1	0.62857	0.0	0.0	0.62857	0.62857	1	0.61111	0.0	0.0	0.61111	0.61111	1	0.61972	0.0	0.0	0.61972	0.61972	1	0.77517	0.0	0.0	0.77517	0.77517	1
Básico	Original	HistGradientBoosting	grid_best_fold1	0.55	0.0	0.0	0.55	0.55	1	0.3913	0.0	0.0	0.3913	0.3913	1	0.51429	0.0	0.0	0.51429	0.51429	1	0.44444	0.0	0.0	0.44444	0.44444	1	0.60967	0.0	0.0	0.60967	0.60967	1
Básico	Original	HistGradientBoosting	grid_best_fold10	0.63	0.0	0.0	0.63	0.63	1	0.48718	0.0	0.0	0.48718	0.48718	1	0.52778	0.0	0.0	0.52778	0.52778	1	0.50667	0.0	0.0	0.50667	0.50667	1	0.70833	0.0	0.0	0.70833	0.70833	1
Básico	Original	HistGradientBoosting	grid_best_fold2	0.64	0.0	0.0	0.64	0.64	1	0.48571	0.0	0.0	0.48571	0.48571	1	0.48571	0.0	0.0	0.48571	0.48571	1	0.48571	0.0	0.0	0.48571	0.48571	1	0.67385	0.0	0.0	0.67385	0.67385	1
Básico	Original	HistGradientBoosting	grid_best_fold3	0.74	0.0	0.0	0.74	0.74	1	0.65625	0.0	0.0	0.65625	0.65625	1	0.58333	0.0	0.0	0.58333	0.58333	1	0.61765	0.0	0.0	0.61765	0.61765	1	0.79774	0.0	0.0	0.79774	0.79774	1
Básico	Original	HistGradientBoosting	grid_best_fold4	0.66	0.0	0.0	0.66	0.66	1	0.53125	0.0	0.0	0.53125	0.53125	1	0.47222	0.0	0.0	0.47222	0.47222	1	0.5	0.0	0.0	0.5	0.5	1	0.727	0.0	0.0	0.727	0.727	1
Básico	Original	HistGradientBoosting	grid_best_fold5	0.63	0.0	0.0	0.63	0.63	1	0.48485	0.0	0.0	0.48485	0.48485	1	0.44444	0.0	0.0	0.44444	0.44444	1	0.46377	0.0	0.0	0.46377	0.46377	1	0.74566	0.0	0.0	0.74566	0.74566	1
Básico	Original	HistGradientBoosting	grid_best_fold6	0.66	0.0	0.0	0.66	0.66	1	0.53846	0.0	0.0	0.53846	0.53846	1	0.38889	0.0	0.0	0.38889	0.38889	1	0.45161	0.0	0.0	0.45161	0.45161	1	0.73872	0.0	0.0	0.73872	0.73872	1
Básico	Original	HistGradientBoosting	grid_best_fold7	0.65	0.0	0.0	0.65	0.65	1	0.51613	0.0	0.0	0.51613	0.51613	1	0.44444	0.0	0.0	0.44444	0.44444	1	0.47761	0.0	0.0	0.47761	0.47761	1	0.74219	0.0	0.0	0.74219	0.74219	1
Básico	Original	HistGradientBoosting	grid_best_fold8	0.64	0.0	0.0	0.64	0.64	1	0.5	0.0	0.0	0.5	0.5	1	0.58333	0.0	0.0	0.58333	0.58333	1	0.53846	0.0	0.0	0.53846	0.53846	1	0.69922	0.0	0.0	0.69922	0.69922	1
Básico	Original	HistGradientBoosting	grid_best_fold9	0.73	0.0	0.0	0.73	0.73	1	0.62162	0.0	0.0	0.62162	0.62162	1	0.63889	0.0	0.0	0.63889	0.63889	1	0.63014	0.0	0.0	0.63014	0.63014	1	0.77995	0.0	0.0	0.77995	0.77995	1
Básico	Original	KNN	grid_best_fold1	0.57	0.0	0.0	0.57	0.57	1	0.40476	0.0	0.0	0.40476	0.40476	1	0.48571	0.0	0.0	0.48571	0.48571	1	0.44156	0.0	0.0	0.44156	0.44156	1	0.55055	0.0	0.0	0.55055	0.55055	1
Básico	Original	KNN	grid_best_fold10	0.61	0.0	0.0	0.61	0.61	1	0.45714	0.0	0.0	0.45714	0.45714	1	0.44444	0.0	0.0	0.44444	0.44444	1	0.4507	0.0	0.0	0.4507	0.4507	1	0.66211	0.0	0.0	0.66211	0.66211	1
Básico	Original	KNN	grid_best_fold2	0.67	0.0	0.0	0.67	0.67	1	0.52778	0.0	0.0	0.52778	0.52778	1	0.54286	0.0	0.0	0.54286	0.54286	1	0.53521	0.0	0.0	0.53521	0.53521	1	0.6811	0.0	0.0	0.6811	0.6811	1
Básico	Original	KNN	grid_best_fold3	0.64	0.0	0.0	0.64	0.64	1	0.5	0.0	0.0	0.5	0.5	1	0.47222	0.0	0.0	0.47222	0.47222	1	0.48571	0.0	0.0	0.48571	0.48571	1	0.6033	0.0	0.0	0.6033	0.6033	1
Básico	Original	KNN	grid_best_fold4	0.64	0.0	0.0	0.64	0.64	1	0.5	0.0	0.0	0.5	0.5	1	0.38889	0.0	0.0	0.38889	0.38889	1	0.4375	0.0	0.0	0.4375	0.4375	1	0.58507	0.0	0.0	0.58507	0.58507	1
Básico	Original	KNN	grid_best_fold5	0.67	0.0	0.0	0.67	0.67	1	0.54545	0.0	0.0	0.54545	0.54545	1	0.5	0.0	0.0	0.5	0.5	1	0.52174	0.0	0.0	0.52174	0.52174	1	0.73416	0.0	0.0	0.73416	0.73416	1
Básico	Original	KNN	grid_best_fold6	0.67	0.0	0.0	0.67	0.67	1	0.54839	0.0	0.0	0.54839	0.54839	1	0.47222	0.0	0.0	0.47222	0.47222	1	0.50746	0.0	0.0	0.50746	0.50746	1	0.62674	0.0	0.0	0.62674	0.62674	1
Básico	Original	KNN	grid_best_fold7	0.57	0.0	0.0	0.57	0.57	1	0.39394	0.0	0.0	0.39394	0.39394	1	0.36111	0.0	0.0	0.36111	0.36111	1	0.37681	0.0	0.0	0.37681	0.37681	1	0.63845	0.0	0.0	0.63845	0.63845	1
Básico	Original	KNN	grid_best_fold8	0.67	0.0	0.0	0.67	0.67	1	0.54839	0.0	0.0	0.54839	0.54839	1	0.47222	0.0	0.0	0.47222	0.47222	1	0.50746	0.0	0.0	0.50746	0.50746	1	0.68251	0.0	0.0	0.68251	0.68251	1
Básico	Original	KNN	grid_best_fold9	0.7	0.0	0.0	0.7	0.7	1	0.57143	0.0	0.0	0.57143	0.57143	1	0.66667	0.0	0.0	0.66667	0.66667	1	0.61538	0.0	0.0	0.61538	0.61538	1	0.7526	0.0	0.0	0.7526	0.7526	1
Básico	Original	LR	grid_best_fold1	0.66	0.0	0.0	0.66	0.66	1	0.51282	0.0	0.0	0.51282	0.51282	1	0.57143	0.0	0.0	0.57143	0.57143	1	0.54054	0.0	0.0	0.54054	0.54054	1	0.73319	0.0	0.0	0.73319	0.73319	1
Básico	Original	LR	grid_best_fold10	0.66	0.0	0.0	0.66	0.66	1	0.52778	0.0	0.0	0.52778	0.52778	1	0.52778	0.0	0.0	0.52778	0.52778	1	0.52778	0.0	0.0	0.52778	0.52778	1	0.70833	0.0	0.0	0.70833	0.70833	1
Básico	Original	LR	grid_best_fold2	0.62	0.0	0.0	0.62	0.62	1	0.46154	0.0	0.0	0.46154	0.46154	1	0.51429	0.0	0.0	0.51429	0.51429	1	0.48649	0.0	0.0	0.48649	0.48649	1	0.70637	0.0	0.0	0.70637	0.70637	1
Básico	Original	LR	grid_best_fold3	0.65	0.0	0.0	0.65	0.65	1	0.51515	0.0	0.0	0.51515	0.51515	1	0.47222	0.0	0.0	0.47222	0.47222	1	0.49275	0.0	0.0	0.49275	0.49275	1	0.74045	0.0	0.0	0.74045	0.74045	1
Básico	Original	LR	grid_best_fold4	0.64	0.0	0.0	0.64	0.64	1	0.5	0.0	0.0	0.5	0.5	1	0.44444	0.0	0.0	0.44444	0.44444	1	0.47059	0.0	0.0	0.47059	0.47059	1	0.75911	0.0	0.0	0.75911	0.75911	1
Básico	Original	LR	grid_best_fold5	0.64	0.0	0.0	0.64	0.64	1	0.5	0.0	0.0	0.5	0.5	1	0.41667	0.0	0.0	0.41667	0.41667	1	0.45455	0.0	0.0	0.45455	0.45455	1	0.7526	0.0	0.0	0.7526	0.7526	1
Básico	Original	LR	grid_best_fold6	0.67	0.0	0.0	0.67	0.67	1	0.55172	0.0	0.0	0.55172	0.55172	1	0.44444	0.0	0.0	0.44444	0.44444	1	0.49231	0.0	0.0	0.49231	0.49231	1	0.7678	0.0	0.0	0.7678	0.7678	1
Básico	Original	LR	grid_best_fold7	0.6	0.0	0.0	0.6	0.6	1	0.44737	0.0	0.0	0.44737	0.44737	1	0.47222	0.0	0.0	0.47222	0.47222	1	0.45946	0.0	0.0	0.45946	0.45946	1	0.66667	0.0	0.0	0.66667	0.66667	1
Básico	Original	LR	grid_best_fold8	0.65	0.0	0.0	0.65	0.65	1	0.5102	0.0	0.0	0.5102	0.5102	1	0.69444	0.0	0.0	0.69444	0.69444	1	0.58824	0.0	0.0	0.58824	0.58824	1	0.74609	0.0	0.0	0.74609	0.74609	1
Básico	Original	LR	grid_best_fold9	0.6	0.0	0.0	0.6	0.6	1	0.44444	0.0	0.0	0.44444	0.44444	1	0.44444	0.0	0.0	0.44444	0.44444	1	0.44444	0.0	0.0	0.44444	0.44444	1	0.6862	0.0	0.0	0.6862	0.6862	1
Básico	Original	RF	grid_best_fold1	0.61	0.0	0.0	0.61	0.61	1	0.44737	0.0	0.0	0.44737	0.44737	1	0.48571	0.0	0.0	0.48571	0.48571	1	0.46575	0.0	0.0	0.46575	0.46575	1	0.64176	0.0	0.0	0.64176	0.64176	1
Básico	Original	RF	grid_best_fold10	0.64	0.0	0.0	0.64	0.64	1	0.5	0.0	0.0	0.5	0.5	1	0.58333	0.0	0.0	0.58333	0.58333	1	0.53846	0.0	0.0	0.53846	0.53846	1	0.72222	0.0	0.0	0.72222	0.72222	1
Básico	Original	RF	grid_best_fold2	0.66	0.0	0.0	0.66	0.66	1	0.51515	0.0	0.0	0.51515	0.51515	1	0.48571	0.0	0.0	0.48571	0.48571	1	0.5	0.0	0.0	0.5	0.5	1	0.65143	0.0	0.0	0.65143	0.65143	1
Básico	Original	RF	grid_best_fold3	0.71	0.0	0.0	0.71	0.71	1	0.62069	0.0	0.0	0.62069	0.62069	1	0.5	0.0	0.0	0.5	0.5	1	0.55385	0.0	0.0	0.55385	0.55385	1	0.81684	0.0	0.0	0.81684	0.81684	1
Básico	Original	RF	grid_best_fold4	0.63	0.0	0.0	0.63	0.63	1	0.48276	0.0	0.0	0.48276	0.48276	1	0.38889	0.0	0.0	0.38889	0.38889	1	0.43077	0.0	0.0	0.43077	0.43077	1	0.74327	0.0	0.0	0.74327	0.74327	1
Básico	Original	RF	grid_best_fold5	0.63	0.0	0.0	0.63	0.63	1	0.48276	0.0	0.0	0.48276	0.48276	1	0.38889	0.0	0.0	0.38889	0.38889	1	0.43077	0.0	0.0	0.43077	0.43077	1	0.74566	0.0	0.0	0.74566	0.74566	1
Básico	Original	RF	grid_best_fold6	0.64	0.0	0.0	0.64	0.64	1	0.5	0.0	0.0	0.5	0.5	1	0.38889	0.0	0.0	0.38889	0.38889	1	0.4375	0.0	0.0	0.4375	0.4375	1	0.76194	0.0	0.0	0.76194	0.76194	1
Básico	Original	RF	grid_best_fold7	0.61	0.0	0.0	0.61	0.61	1	0.45946	0.0	0.0	0.45946	0.45946	1	0.47222	0.0	0.0	0.47222	0.47222	1	0.46575	0.0	0.0	0.46575	0.46575	1	0.68186	0.0	0.0	0.68186	0.68186	1
Básico	Original	RF	grid_best_fold8	0.67	0.0	0.0	0.67	0.67	1	0.53488	0.0	0.0	0.53488	0.53488	1	0.63889	0.0	0.0	0.63889	0.63889	1	0.58228	0.0	0.0	0.58228	0.58228	1	0.76997	0.0	0.0	0.76997	0.76997	1
Básico	Original	RF	grid_best_fold9	0.72	0.0	0.0	0.72	0.72	1	0.61111	0.0	0.0	0.61111	0.61111	1	0.61111	0.0	0.0	0.61111	0.61111	1	0.61111	0.0	0.0	0.61111	0.61111	1	0.76497	0.0	0.0	0.76497	0.76497	1
Básico	Original	SVC	grid_best_fold1	0.64	0.0	0.0	0.64	0.64	1	0.48387	0.0	0.0	0.48387	0.48387	1	0.42857	0.0	0.0	0.42857	0.42857	1	0.45455	0.0	0.0	0.45455	0.45455	1	0.70242	0.0	0.0	0.70242	0.70242	1
Básico	Original	SVC	grid_best_fold10	0.64	0.0	0.0	0.64	0.64	1	0.5	0.0	0.0	0.5	0.5	1	0.55556	0.0	0.0	0.55556	0.55556	1	0.52632	0.0	0.0	0.52632	0.52632	1	0.71484	0.0	0.0	0.71484	0.71484	1
Básico	Original	SVC	grid_best_fold2	0.63	0.0	0.0	0.63	0.63	1	0.47222	0.0	0.0	0.47222	0.47222	1	0.48571	0.0	0.0	0.48571	0.48571	1	0.47887	0.0	0.0	0.47887	0.47887	1	0.69319	0.0	0.0	0.69319	0.69319	1
Básico	Original	SVC	grid_best_fold3	0.64	0.0	0.0	0.64	0.64	1	0.5	0.0	0.0	0.5	0.5	1	0.38889	0.0	0.0	0.38889	0.38889	1	0.4375	0.0	0.0	0.4375	0.4375	1	0.73177	0.0	0.0	0.73177	0.73177	1
Básico	Original	SVC	grid_best_fold4	0.64	0.0	0.0	0.64	0.64	1	0.5	0.0	0.0	0.5	0.5	1	0.36111	0.0	0.0	0.36111	0.36111	1	0.41935	0.0	0.0	0.41935	0.41935	1	0.7526	0.0	0.0	0.7526	0.7526	1
Básico	Original	SVC	grid_best_fold5	0.62	0.0	0.0	0.62	0.62	1	0.46154	0.0	0.0	0.46154	0.46154	1	0.33333	0.0	0.0	0.33333	0.33333	1	0.3871	0.0	0.0	0.3871	0.3871	1	0.72808	0.0	0.0	0.72808	0.72808	1
Básico	Original	SVC	grid_best_fold6	0.66	0.0	0.0	0.66	0.66	1	0.52941	0.0	0.0	0.52941	0.52941	1	0.5	0.0	0.0	0.5	0.5	1	0.51429	0.0	0.0	0.51429	0.51429	1	0.77062	0.0	0.0	0.77062	0.77062	1
Básico	Original	SVC	grid_best_fold7	0.55	0.0	0.0	0.55	0.55	1	0.36364	0.0	0.0	0.36364	0.36364	1	0.33333	0.0	0.0	0.33333	0.33333	1	0.34783	0.0	0.0	0.34783	0.34783	1	0.65061	0.0	0.0	0.65061	0.65061	1
Básico	Original	SVC	grid_best_fold8	0.63	0.0	0.0	0.63	0.63	1	0.48936	0.0	0.0	0.48936	0.48936	1	0.63889	0.0	0.0	0.63889	0.63889	1	0.55422	0.0	0.0	0.55422	0.55422	1	0.7283	0.0	0.0	0.7283	0.7283	1
Básico	Original	SVC	grid_best_fold9	0.65	0.0	0.0	0.65	0.65	1	0.52381	0.0	0.0	0.52381	0.52381	1	0.30556	0.0	0.0	0.30556	0.30556	1	0.38596	0.0	0.0	0.38596	0.38596	1	0.70985	0.0	0.0	0.70985	0.70985	1
Complexo	Original	AdaBoost	grid_best_fold1	0.62	0.0	0.0	0.62	0.62	1	0.44828	0.0	0.0	0.44828	0.44828	1	0.37143	0.0	0.0	0.37143	0.37143	1	0.40625	0.0	0.0	0.40625	0.40625	1	0.60615	0.0	0.0	0.60615	0.60615	1
Complexo	Original	AdaBoost	grid_best_fold10	0.57	0.0	0.0	0.57	0.57	1	0.4186	0.0	0.0	0.4186	0.4186	1	0.5	0.0	0.0	0.5	0.5	1	0.4557	0.0	0.0	0.4557	0.4557	1	0.67079	0.0	0.0	0.67079	0.67079	1
Complexo	Original	AdaBoost	grid_best_fold2	0.52	0.0	0.0	0.52	0.52	1	0.35556	0.0	0.0	0.35556	0.35556	1	0.45714	0.0	0.0	0.45714	0.45714	1	0.4	0.0	0.0	0.4	0.4	1	0.57099	0.0	0.0	0.57099	0.57099	1
Complexo	Original	AdaBoost	grid_best_fold3	0.69	0.0	0.0	0.69	0.69	1	0.58621	0.0	0.0	0.58621	0.58621	1	0.47222	0.0	0.0	0.47222	0.47222	1	0.52308	0.0	0.0	0.52308	0.52308	1	0.73481	0.0	0.0	0.73481	0.73481	1
Complexo	Original	AdaBoost	grid_best_fold4	0.64	0.0	0.0	0.64	0.64	1	0.5	0.0	0.0	0.5	0.5	1	0.36111	0.0	0.0	0.36111	0.36111	1	0.41935	0.0	0.0	0.41935	0.41935	1	0.72743	0.0	0.0	0.72743	0.72743	1
Complexo	Original	AdaBoost	grid_best_fold5	0.63	0.0	0.0	0.63	0.63	1	0.48485	0.0	0.0	0.48485	0.48485	1	0.44444	0.0	0.0	0.44444	0.44444	1	0.46377	0.0	0.0	0.46377	0.46377	1	0.69401	0.0	0.0	0.69401	0.69401	1
Complexo	Original	AdaBoost	grid_best_fold6	0.7	0.0	0.0	0.7	0.7	1	0.63636	0.0	0.0	0.63636	0.63636	1	0.38889	0.0	0.0	0.38889	0.38889	1	0.48276	0.0	0.0	0.48276	0.48276	1	0.79818	0.0	0.0	0.79818	0.79818	1
Complexo	Original	AdaBoost	grid_best_fold7	0.63	0.0	0.0	0.63	0.63	1	0.48571	0.0	0.0	0.48571	0.48571	1	0.47222	0.0	0.0	0.47222	0.47222	1	0.47887	0.0	0.0	0.47887	0.47887	1	0.69792	0.0	0.0	0.69792	0.69792	1
Complexo	Original	AdaBoost	grid_best_fold8	0.67	0.0	0.0	0.67	0.67	1	0.54054	0.0	0.0	0.54054	0.54054	1	0.55556	0.0	0.0	0.55556	0.55556	1	0.54795	0.0	0.0	0.54795	0.54795	1	0.71354	0.0	0.0	0.71354	0.71354	1
Complexo	Original	AdaBoost	grid_best_fold9	0.64	0.0	0.0	0.64	0.64	1	0.5	0.0	0.0	0.5	0.5	1	0.61111	0.0	0.0	0.61111	0.61111	1	0.55	0.0	0.0	0.55	0.55	1	0.71115	0.0	0.0	0.71115	0.71115	1
Complexo	Original	DT	grid_best_fold1	0.62	0.0	0.0	0.62	0.62	1	0.2	0.0	0.0	0.2	0.2	1	0.02857	0.0	0.0	0.02857	0.02857	1	0.05	0.0	0.0	0.05	0.05	1	0.59538	0.0	0.0	0.59538	0.59538	1
Complexo	Original	DT	grid_best_fold10	0.56	0.0	0.0	0.56	0.56	1	0.38235	0.0	0.0	0.38235	0.38235	1	0.36111	0.0	0.0	0.36111	0.36111	1	0.37143	0.0	0.0	0.37143	0.37143	1	0.63303	0.0	0.0	0.63303	0.63303	1
Complexo	Original	DT	grid_best_fold2	0.56	0.0	0.0	0.56	0.56	1	0.41818	0.0	0.0	0.41818	0.41818	1	0.65714	0.0	0.0	0.65714	0.65714	1	0.51111	0.0	0.0	0.51111	0.51111	1	0.67538	0.0	0.0	0.67538	0.67538	1
Complexo	Original	DT	grid_best_fold3	0.58	0.0	0.0	0.58	0.58	1	0.39286	0.0	0.0	0.39286	0.39286	1	0.30556	0.0	0.0	0.30556	0.30556	1	0.34375	0.0	0.0	0.34375	0.34375	1	0.60547	0.0	0.0	0.60547	0.60547	1
Complexo	Original	DT	grid_best_fold4	0.71	0.0	0.0	0.71	0.71	1	0.59459	0.0	0.0	0.59459	0.59459	1	0.61111	0.0	0.0	0.61111	0.61111	1	0.60274	0.0	0.0	0.60274	0.60274	1	0.68511	0.0	0.0	0.68511	0.68511	1
Complexo	Original	DT	grid_best_fold5	0.63	0.0	0.0	0.63	0.63	1	0.48485	0.0	0.0	0.48485	0.48485	1	0.44444	0.0	0.0	0.44444	0.44444	1	0.46377	0.0	0.0	0.46377	0.46377	1	0.60938	0.0	0.0	0.60938	0.60938	1
Complexo	Original	DT	grid_best_fold6	0.67	0.0	0.0	0.67	0.67	1	0.54286	0.0	0.0	0.54286	0.54286	1	0.52778	0.0	0.0	0.52778	0.52778	1	0.53521	0.0	0.0	0.53521	0.53521	1	0.63889	0.0	0.0	0.63889	0.63889	1
Complexo	Original	DT	grid_best_fold7	0.59	0.0	0.0	0.59	0.59	1	0.45283	0.0	0.0	0.45283	0.45283	1	0.66667	0.0	0.0	0.66667	0.66667	1	0.53933	0.0	0.0	0.53933	0.53933	1	0.64757	0.0	0.0	0.64757	0.64757	1
Complexo	Original	DT	grid_best_fold8	0.6	0.0	0.0	0.6	0.6	1	0.40909	0.0	0.0	0.40909	0.40909	1	0.25	0.0	0.0	0.25	0.25	1	0.31034	0.0	0.0	0.31034	0.31034	1	0.65647	0.0	0.0	0.65647	0.65647	1
Complexo	Original	DT	grid_best_fold9	0.6	0.0	0.0	0.6	0.6	1	0.44737	0.0	0.0	0.44737	0.44737	1	0.47222	0.0	0.0	0.47222	0.47222	1	0.45946	0.0	0.0	0.45946	0.45946	1	0.61871	0.0	0.0	0.61871	0.61871	1
Complexo	Original	ExtraTrees	grid_best_fold1	0.67	0.0	0.0	0.67	0.67	1	0.525	0.0	0.0	0.525	0.525	1	0.6	0.0	0.0	0.6	0.6	1	0.56	0.0	0.0	0.56	0.56	1	0.67077	0.0	0.0	0.67077	0.67077	1
Complexo	Original	ExtraTrees	grid_best_fold10	0.65	0.0	0.0	0.65	0.65	1	0.51351	0.0	0.0	0.51351	0.51351	1	0.52778	0.0	0.0	0.52778	0.52778	1	0.52055	0.0	0.0	0.52055	0.52055	1	0.72548	0.0	0.0	0.72548	0.72548	1
Complexo	Original	ExtraTrees	grid_best_fold2	0.6	0.0	0.0	0.6	0.6	1	0.42424	0.0	0.0	0.42424	0.42424	1	0.4	0.0	0.0	0.4	0.4	1	0.41176	0.0	0.0	0.41176	0.41176	1	0.63121	0.0	0.0	0.63121	0.63121	1
Complexo	Original	ExtraTrees	grid_best_fold3	0.64	0.0	0.0	0.64	0.64	1	0.5	0.0	0.0	0.5	0.5	1	0.27778	0.0	0.0	0.27778	0.27778	1	0.35714	0.0	0.0	0.35714	0.35714	1	0.74957	0.0	0.0	0.74957	0.74957	1
Complexo	Original	ExtraTrees	grid_best_fold4	0.69	0.0	0.0	0.69	0.69	1	0.6	0.0	0.0	0.6	0.6	1	0.41667	0.0	0.0	0.41667	0.41667	1	0.4918	0.0	0.0	0.4918	0.4918	1	0.75217	0.0	0.0	0.75217	0.75217	1
Complexo	Original	ExtraTrees	grid_best_fold5	0.61	0.0	0.0	0.61	0.61	1	0.44444	0.0	0.0	0.44444	0.44444	1	0.33333	0.0	0.0	0.33333	0.33333	1	0.38095	0.0	0.0	0.38095	0.38095	1	0.7194	0.0	0.0	0.7194	0.7194	1
Complexo	Original	ExtraTrees	grid_best_fold6	0.66	0.0	0.0	0.66	0.66	1	0.53333	0.0	0.0	0.53333	0.53333	1	0.44444	0.0	0.0	0.44444	0.44444	1	0.48485	0.0	0.0	0.48485	0.48485	1	0.73785	0.0	0.0	0.73785	0.73785	1
Complexo	Original	ExtraTrees	grid_best_fold7	0.65	0.0	0.0	0.65	0.65	1	0.5122	0.0	0.0	0.5122	0.5122	1	0.58333	0.0	0.0	0.58333	0.58333	1	0.54545	0.0	0.0	0.54545	0.54545	1	0.69336	0.0	0.0	0.69336	0.69336	1
Complexo	Original	ExtraTrees	grid_best_fold8	0.67	0.0	0.0	0.67	0.67	1	0.54286	0.0	0.0	0.54286	0.54286	1	0.52778	0.0	0.0	0.52778	0.52778	1	0.53521	0.0	0.0	0.53521	0.53521	1	0.72049	0.0	0.0	0.72049	0.72049	1
Complexo	Original	ExtraTrees	grid_best_fold9	0.65	0.0	0.0	0.65	0.65	1	0.51163	0.0	0.0	0.51163	0.51163	1	0.61111	0.0	0.0	0.61111	0.61111	1	0.55696	0.0	0.0	0.55696	0.55696	1	0.72114	0.0	0.0	0.72114	0.72114	1
Complexo	Original	GaussianNB	grid_best_fold1	0.55	0.0	0.0	0.55	0.55	1	0.4375	0.0	0.0	0.4375	0.4375	1	1.0	0.0	0.0	1.0	1.0	1	0.6087	0.0	0.0	0.6087	0.6087	1	0.65385	0.0	0.0	0.65385	0.65385	1
Complexo	Original	GaussianNB	grid_best_fold10	0.6	0.0	0.0	0.6	0.6	1	0.47297	0.0	0.0	0.47297	0.47297	1	0.97222	0.0	0.0	0.97222	0.97222	1	0.63636	0.0	0.0	0.63636	0.63636	1	0.69401	0.0	0.0	0.69401	0.69401	1
Complexo	Original	GaussianNB	grid_best_fold2	0.54	0.0	0.0	0.54	0.54	1	0.4321	0.0	0.0	0.4321	0.4321	1	1.0	0.0	0.0	1.0	1.0	1	0.60345	0.0	0.0	0.60345	0.60345	1	0.6589	0.0	0.0	0.6589	0.6589	1
Complexo	Original	GaussianNB	grid_best_fold3	0.64	0.0	0.0	0.64	0.64	1	0.5	0.0	0.0	0.5	0.5	1	1.0	0.0	0.0	1.0	1.0	1	0.66667	0.0	0.0	0.66667	0.66667	1	0.7105	0.0	0.0	0.7105	0.7105	1
Complexo	Original	GaussianNB	grid_best_fold4	0.64	0.0	0.0	0.64	0.64	1	0.5	0.0	0.0	0.5	0.5	1	1.0	0.0	0.0	1.0	1.0	1	0.66667	0.0	0.0	0.66667	0.66667	1	0.71094	0.0	0.0	0.71094	0.71094	1
Complexo	Original	GaussianNB	grid_best_fold5	0.67	0.0	0.0	0.67	0.67	1	0.52174	0.0	0.0	0.52174	0.52174	1	1.0	0.0	0.0	1.0	1.0	1	0.68571	0.0	0.0	0.68571	0.68571	1	0.76562	0.0	0.0	0.76562	0.76562	1
Complexo	Original	GaussianNB	grid_best_fold6	0.71	0.0	0.0	0.71	0.71	1	0.55556	0.0	0.0	0.55556	0.55556	1	0.97222	0.0	0.0	0.97222	0.97222	1	0.70707	0.0	0.0	0.70707	0.70707	1	0.77648	0.0	0.0	0.77648	0.77648	1
Complexo	Original	GaussianNB	grid_best_fold7	0.62	0.0	0.0	0.62	0.62	1	0.48649	0.0	0.0	0.48649	0.48649	1	1.0	0.0	0.0	1.0	1.0	1	0.65455	0.0	0.0	0.65455	0.65455	1	0.71094	0.0	0.0	0.71094	0.71094	1
Complexo	Original	GaussianNB	grid_best_fold8	0.57	0.0	0.0	0.57	0.57	1	0.45333	0.0	0.0	0.45333	0.45333	1	0.94444	0.0	0.0	0.94444	0.94444	1	0.61261	0.0	0.0	0.61261	0.61261	1	0.65017	0.0	0.0	0.65017	0.65017	1
Complexo	Original	GaussianNB	grid_best_fold9	0.63	0.0	0.0	0.63	0.63	1	0.49275	0.0	0.0	0.49275	0.49275	1	0.94444	0.0	0.0	0.94444	0.94444	1	0.64762	0.0	0.0	0.64762	0.64762	1	0.69596	0.0	0.0	0.69596	0.69596	1
Complexo	Original	GradientBoosting	grid_best_fold1	0.57	0.0	0.0	0.57	0.57	1	0.375	0.0	0.0	0.375	0.375	1	0.34286	0.0	0.0	0.34286	0.34286	1	0.35821	0.0	0.0	0.35821	0.35821	1	0.64264	0.0	0.0	0.64264	0.64264	1
Complexo	Original	GradientBoosting	grid_best_fold10	0.62	0.0	0.0	0.62	0.62	1	0.47619	0.0	0.0	0.47619	0.47619	1	0.55556	0.0	0.0	0.55556	0.55556	1	0.51282	0.0	0.0	0.51282	0.51282	1	0.68099	0.0	0.0	0.68099	0.68099	1
Complexo	Original	GradientBoosting	grid_best_fold2	0.67	0.0	0.0	0.67	0.67	1	0.52632	0.0	0.0	0.52632	0.52632	1	0.57143	0.0	0.0	0.57143	0.57143	1	0.54795	0.0	0.0	0.54795	0.54795	1	0.68615	0.0	0.0	0.68615	0.68615	1
Complexo	Original	GradientBoosting	grid_best_fold3	0.67	0.0	0.0	0.67	0.67	1	0.56	0.0	0.0	0.56	0.56	1	0.38889	0.0	0.0	0.38889	0.38889	1	0.45902	0.0	0.0	0.45902	0.45902	1	0.73351	0.0	0.0	0.73351	0.73351	1
Complexo	Original	GradientBoosting	grid_best_fold4	0.7	0.0	0.0	0.7	0.7	1	0.63636	0.0	0.0	0.63636	0.63636	1	0.38889	0.0	0.0	0.38889	0.38889	1	0.48276	0.0	0.0	0.48276	0.48276	1	0.74132	0.0	0.0	0.74132	0.74132	1
Complexo	Original	GradientBoosting	grid_best_fold5	0.65	0.0	0.0	0.65	0.65	1	0.51515	0.0	0.0	0.51515	0.51515	1	0.47222	0.0	0.0	0.47222	0.47222	1	0.49275	0.0	0.0	0.49275	0.49275	1	0.73351	0.0	0.0	0.73351	0.73351	1
Complexo	Original	GradientBoosting	grid_best_fold6	0.68	0.0	0.0	0.68	0.68	1	0.56667	0.0	0.0	0.56667	0.56667	1	0.47222	0.0	0.0	0.47222	0.47222	1	0.51515	0.0	0.0	0.51515	0.51515	1	0.75911	0.0	0.0	0.75911	0.75911	1
Complexo	Original	GradientBoosting	grid_best_fold7	0.62	0.0	0.0	0.62	0.62	1	0.47368	0.0	0.0	0.47368	0.47368	1	0.5	0.0	0.0	0.5	0.5	1	0.48649	0.0	0.0	0.48649	0.48649	1	0.66797	0.0	0.0	0.66797	0.66797	1
Complexo	Original	GradientBoosting	grid_best_fold8	0.69	0.0	0.0	0.69	0.69	1	0.57143	0.0	0.0	0.57143	0.57143	1	0.55556	0.0	0.0	0.55556	0.55556	1	0.56338	0.0	0.0	0.56338	0.56338	1	0.73134	0.0	0.0	0.73134	0.73134	1
Complexo	Original	GradientBoosting	grid_best_fold9	0.62	0.0	0.0	0.62	0.62	1	0.47727	0.0	0.0	0.47727	0.47727	1	0.58333	0.0	0.0	0.58333	0.58333	1	0.525	0.0	0.0	0.525	0.525	1	0.69097	0.0	0.0	0.69097	0.69097	1
Complexo	Original	HistGradientBoosting	grid_best_fold1	0.59	0.0	0.0	0.59	0.59	1	0.41176	0.0	0.0	0.41176	0.41176	1	0.4	0.0	0.0	0.4	0.4	1	0.4058	0.0	0.0	0.4058	0.4058	1	0.64	0.0	0.0	0.64	0.64	1
Complexo	Original	HistGradientBoosting	grid_best_fold10	0.61	0.0	0.0	0.61	0.61	1	0.46512	0.0	0.0	0.46512	0.46512	1	0.55556	0.0	0.0	0.55556	0.55556	1	0.50633	0.0	0.0	0.50633	0.50633	1	0.66189	0.0	0.0	0.66189	0.66189	1
Complexo	Original	HistGradientBoosting	grid_best_fold2	0.64	0.0	0.0	0.64	0.64	1	0.48571	0.0	0.0	0.48571	0.48571	1	0.48571	0.0	0.0	0.48571	0.48571	1	0.48571	0.0	0.0	0.48571	0.48571	1	0.63385	0.0	0.0	0.63385	0.63385	1
Complexo	Original	HistGradientBoosting	grid_best_fold3	0.73	0.0	0.0	0.73	0.73	1	0.68	0.0	0.0	0.68	0.68	1	0.47222	0.0	0.0	0.47222	0.47222	1	0.55738	0.0	0.0	0.55738	0.55738	1	0.77083	0.0	0.0	0.77083	0.77083	1
Complexo	Original	HistGradientBoosting	grid_best_fold4	0.64	0.0	0.0	0.64	0.64	1	0.5	0.0	0.0	0.5	0.5	1	0.36111	0.0	0.0	0.36111	0.36111	1	0.41935	0.0	0.0	0.41935	0.41935	1	0.73568	0.0	0.0	0.73568	0.73568	1
Complexo	Original	HistGradientBoosting	grid_best_fold5	0.64	0.0	0.0	0.64	0.64	1	0.5	0.0	0.0	0.5	0.5	1	0.47222	0.0	0.0	0.47222	0.47222	1	0.48571	0.0	0.0	0.48571	0.48571	1	0.73611	0.0	0.0	0.73611	0.73611	1
Complexo	Original	HistGradientBoosting	grid_best_fold6	0.68	0.0	0.0	0.68	0.68	1	0.5625	0.0	0.0	0.5625	0.5625	1	0.5	0.0	0.0	0.5	0.5	1	0.52941	0.0	0.0	0.52941	0.52941	1	0.77734	0.0	0.0	0.77734	0.77734	1
Complexo	Original	HistGradientBoosting	grid_best_fold7	0.62	0.0	0.0	0.62	0.62	1	0.47619	0.0	0.0	0.47619	0.47619	1	0.55556	0.0	0.0	0.55556	0.55556	1	0.51282	0.0	0.0	0.51282	0.51282	1	0.69705	0.0	0.0	0.69705	0.69705	1
Complexo	Original	HistGradientBoosting	grid_best_fold8	0.63	0.0	0.0	0.63	0.63	1	0.48837	0.0	0.0	0.48837	0.48837	1	0.58333	0.0	0.0	0.58333	0.58333	1	0.53165	0.0	0.0	0.53165	0.53165	1	0.69835	0.0	0.0	0.69835	0.69835	1
Complexo	Original	HistGradientBoosting	grid_best_fold9	0.61	0.0	0.0	0.61	0.61	1	0.46667	0.0	0.0	0.46667	0.46667	1	0.58333	0.0	0.0	0.58333	0.58333	1	0.51852	0.0	0.0	0.51852	0.51852	1	0.67274	0.0	0.0	0.67274	0.67274	1
Complexo	Original	KNN	grid_best_fold1	0.62	0.0	0.0	0.62	0.62	1	0.45455	0.0	0.0	0.45455	0.45455	1	0.42857	0.0	0.0	0.42857	0.42857	1	0.44118	0.0	0.0	0.44118	0.44118	1	0.57582	0.0	0.0	0.57582	0.57582	1
Complexo	Original	KNN	grid_best_fold10	0.66	0.0	0.0	0.66	0.66	1	0.52778	0.0	0.0	0.52778	0.52778	1	0.52778	0.0	0.0	0.52778	0.52778	1	0.52778	0.0	0.0	0.52778	0.52778	1	0.70898	0.0	0.0	0.70898	0.70898	1
Complexo	Original	KNN	grid_best_fold2	0.65	0.0	0.0	0.65	0.65	1	0.5	0.0	0.0	0.5	0.5	1	0.51429	0.0	0.0	0.51429	0.51429	1	0.50704	0.0	0.0	0.50704	0.50704	1	0.64725	0.0	0.0	0.64725	0.64725	1
Complexo	Original	KNN	grid_best_fold3	0.62	0.0	0.0	0.62	0.62	1	0.45833	0.0	0.0	0.45833	0.45833	1	0.30556	0.0	0.0	0.30556	0.30556	1	0.36667	0.0	0.0	0.36667	0.36667	1	0.55122	0.0	0.0	0.55122	0.55122	1
Complexo	Original	KNN	grid_best_fold4	0.63	0.0	0.0	0.63	0.63	1	0.48148	0.0	0.0	0.48148	0.48148	1	0.36111	0.0	0.0	0.36111	0.36111	1	0.4127	0.0	0.0	0.4127	0.4127	1	0.57118	0.0	0.0	0.57118	0.57118	1
Complexo	Original	KNN	grid_best_fold5	0.63	0.0	0.0	0.63	0.63	1	0.48485	0.0	0.0	0.48485	0.48485	1	0.44444	0.0	0.0	0.44444	0.44444	1	0.46377	0.0	0.0	0.46377	0.46377	1	0.58941	0.0	0.0	0.58941	0.58941	1
Complexo	Original	KNN	grid_best_fold6	0.7	0.0	0.0	0.7	0.7	1	0.6	0.0	0.0	0.6	0.6	1	0.5	0.0	0.0	0.5	0.5	1	0.54545	0.0	0.0	0.54545	0.54545	1	0.65625	0.0	0.0	0.65625	0.65625	1
Complexo	Original	KNN	grid_best_fold7	0.54	0.0	0.0	0.54	0.54	1	0.38095	0.0	0.0	0.38095	0.38095	1	0.44444	0.0	0.0	0.44444	0.44444	1	0.41026	0.0	0.0	0.41026	0.41026	1	0.602	0.0	0.0	0.602	0.602	1
Complexo	Original	KNN	grid_best_fold8	0.64	0.0	0.0	0.64	0.64	1	0.5	0.0	0.0	0.5	0.5	1	0.5	0.0	0.0	0.5	0.5	1	0.5	0.0	0.0	0.5	0.5	1	0.68446	0.0	0.0	0.68446	0.68446	1
Complexo	Original	KNN	grid_best_fold9	0.64	0.0	0.0	0.64	0.64	1	0.5	0.0	0.0	0.5	0.5	1	0.58333	0.0	0.0	0.58333	0.58333	1	0.53846	0.0	0.0	0.53846	0.53846	1	0.67708	0.0	0.0	0.67708	0.67708	1
Complexo	Original	LR	grid_best_fold1	0.6	0.0	0.0	0.6	0.6	1	0.42857	0.0	0.0	0.42857	0.42857	1	0.42857	0.0	0.0	0.42857	0.42857	1	0.42857	0.0	0.0	0.42857	0.42857	1	0.66901	0.0	0.0	0.66901	0.66901	1
Complexo	Original	LR	grid_best_fold10	0.62	0.0	0.0	0.62	0.62	1	0.47619	0.0	0.0	0.47619	0.47619	1	0.55556	0.0	0.0	0.55556	0.55556	1	0.51282	0.0	0.0	0.51282	0.51282	1	0.7092	0.0	0.0	0.7092	0.7092	1
Complexo	Original	LR	grid_best_fold2	0.58	0.0	0.0	0.58	0.58	1	0.4	0.0	0.0	0.4	0.4	1	0.4	0.0	0.0	0.4	0.4	1	0.4	0.0	0.0	0.4	0.4	1	0.63692	0.0	0.0	0.63692	0.63692	1
Complexo	Original	LR	grid_best_fold3	0.66	0.0	0.0	0.66	0.66	1	0.53333	0.0	0.0	0.53333	0.53333	1	0.44444	0.0	0.0	0.44444	0.44444	1	0.48485	0.0	0.0	0.48485	0.48485	1	0.72309	0.0	0.0	0.72309	0.72309	1
Complexo	Original	LR	grid_best_fold4	0.69	0.0	0.0	0.69	0.69	1	0.58065	0.0	0.0	0.58065	0.58065	1	0.5	0.0	0.0	0.5	0.5	1	0.53731	0.0	0.0	0.53731	0.53731	1	0.75781	0.0	0.0	0.75781	0.75781	1
Complexo	Original	LR	grid_best_fold5	0.69	0.0	0.0	0.69	0.69	1	0.57143	0.0	0.0	0.57143	0.57143	1	0.55556	0.0	0.0	0.55556	0.55556	1	0.56338	0.0	0.0	0.56338	0.56338	1	0.75911	0.0	0.0	0.75911	0.75911	1
Complexo	Original	LR	grid_best_fold6	0.68	0.0	0.0	0.68	0.68	1	0.56667	0.0	0.0	0.56667	0.56667	1	0.47222	0.0	0.0	0.47222	0.47222	1	0.51515	0.0	0.0	0.51515	0.51515	1	0.79557	0.0	0.0	0.79557	0.79557	1
Complexo	Original	LR	grid_best_fold7	0.64	0.0	0.0	0.64	0.64	1	0.5	0.0	0.0	0.5	0.5	1	0.55556	0.0	0.0	0.55556	0.55556	1	0.52632	0.0	0.0	0.52632	0.52632	1	0.69531	0.0	0.0	0.69531	0.69531	1
Complexo	Original	LR	grid_best_fold8	0.6	0.0	0.0	0.6	0.6	1	0.44737	0.0	0.0	0.44737	0.44737	1	0.47222	0.0	0.0	0.47222	0.47222	1	0.45946	0.0	0.0	0.45946	0.45946	1	0.68576	0.0	0.0	0.68576	0.68576	1
Complexo	Original	LR	grid_best_fold9	0.67	0.0	0.0	0.67	0.67	1	0.54054	0.0	0.0	0.54054	0.54054	1	0.55556	0.0	0.0	0.55556	0.55556	1	0.54795	0.0	0.0	0.54795	0.54795	1	0.71788	0.0	0.0	0.71788	0.71788	1
Complexo	Original	RF	grid_best_fold1	0.61	0.0	0.0	0.61	0.61	1	0.44737	0.0	0.0	0.44737	0.44737	1	0.48571	0.0	0.0	0.48571	0.48571	1	0.46575	0.0	0.0	0.46575	0.46575	1	0.65143	0.0	0.0	0.65143	0.65143	1
Complexo	Original	RF	grid_best_fold10	0.62	0.0	0.0	0.62	0.62	1	0.47727	0.0	0.0	0.47727	0.47727	1	0.58333	0.0	0.0	0.58333	0.58333	1	0.525	0.0	0.0	0.525	0.525	1	0.6888	0.0	0.0	0.6888	0.6888	1
Complexo	Original	RF	grid_best_fold2	0.58	0.0	0.0	0.58	0.58	1	0.37931	0.0	0.0	0.37931	0.37931	1	0.31429	0.0	0.0	0.31429	0.31429	1	0.34375	0.0	0.0	0.34375	0.34375	1	0.64	0.0	0.0	0.64	0.64	1
Complexo	Original	RF	grid_best_fold3	0.7	0.0	0.0	0.7	0.7	1	0.63636	0.0	0.0	0.63636	0.63636	1	0.38889	0.0	0.0	0.38889	0.38889	1	0.48276	0.0	0.0	0.48276	0.48276	1	0.78863	0.0	0.0	0.78863	0.78863	1
Complexo	Original	RF	grid_best_fold4	0.69	0.0	0.0	0.69	0.69	1	0.6087	0.0	0.0	0.6087	0.6087	1	0.38889	0.0	0.0	0.38889	0.38889	1	0.47458	0.0	0.0	0.47458	0.47458	1	0.73915	0.0	0.0	0.73915	0.73915	1
Complexo	Original	RF	grid_best_fold5	0.66	0.0	0.0	0.66	0.66	1	0.53125	0.0	0.0	0.53125	0.53125	1	0.47222	0.0	0.0	0.47222	0.47222	1	0.5	0.0	0.0	0.5	0.5	1	0.73047	0.0	0.0	0.73047	0.73047	1
Complexo	Original	RF	grid_best_fold6	0.69	0.0	0.0	0.69	0.69	1	0.59259	0.0	0.0	0.59259	0.59259	1	0.44444	0.0	0.0	0.44444	0.44444	1	0.50794	0.0	0.0	0.50794	0.50794	1	0.75391	0.0	0.0	0.75391	0.75391	1
Complexo	Original	RF	grid_best_fold7	0.63	0.0	0.0	0.63	0.63	1	0.48649	0.0	0.0	0.48649	0.48649	1	0.5	0.0	0.0	0.5	0.5	1	0.49315	0.0	0.0	0.49315	0.49315	1	0.7003	0.0	0.0	0.7003	0.7003	1
Complexo	Original	RF	grid_best_fold8	0.68	0.0	0.0	0.68	0.68	1	0.55263	0.0	0.0	0.55263	0.55263	1	0.58333	0.0	0.0	0.58333	0.58333	1	0.56757	0.0	0.0	0.56757	0.56757	1	0.74674	0.0	0.0	0.74674	0.74674	1
Complexo	Original	RF	grid_best_fold9	0.66	0.0	0.0	0.66	0.66	1	0.52174	0.0	0.0	0.52174	0.52174	1	0.66667	0.0	0.0	0.66667	0.66667	1	0.58537	0.0	0.0	0.58537	0.58537	1	0.72852	0.0	0.0	0.72852	0.72852	1
Complexo	Original	SVC	grid_best_fold1	0.58	0.0	0.0	0.58	0.58	1	0.37037	0.0	0.0	0.37037	0.37037	1	0.28571	0.0	0.0	0.28571	0.28571	1	0.32258	0.0	0.0	0.32258	0.32258	1	0.65143	0.0	0.0	0.65143	0.65143	1
Complexo	Original	SVC	grid_best_fold10	0.66	0.0	0.0	0.66	0.66	1	0.52632	0.0	0.0	0.52632	0.52632	1	0.55556	0.0	0.0	0.55556	0.55556	1	0.54054	0.0	0.0	0.54054	0.54054	1	0.68793	0.0	0.0	0.68793	0.68793	1
Complexo	Original	SVC	grid_best_fold2	0.61	0.0	0.0	0.61	0.61	1	0.43333	0.0	0.0	0.43333	0.43333	1	0.37143	0.0	0.0	0.37143	0.37143	1	0.4	0.0	0.0	0.4	0.4	1	0.6233	0.0	0.0	0.6233	0.6233	1
Complexo	Original	SVC	grid_best_fold3	0.63	0.0	0.0	0.63	0.63	1	0.47826	0.0	0.0	0.47826	0.47826	1	0.30556	0.0	0.0	0.30556	0.30556	1	0.37288	0.0	0.0	0.37288	0.37288	1	0.71788	0.0	0.0	0.71788	0.71788	1
Complexo	Original	SVC	grid_best_fold4	0.66	0.0	0.0	0.66	0.66	1	0.54167	0.0	0.0	0.54167	0.54167	1	0.36111	0.0	0.0	0.36111	0.36111	1	0.43333	0.0	0.0	0.43333	0.43333	1	0.73611	0.0	0.0	0.73611	0.73611	1
Complexo	Original	SVC	grid_best_fold5	0.66	0.0	0.0	0.66	0.66	1	0.54167	0.0	0.0	0.54167	0.54167	1	0.36111	0.0	0.0	0.36111	0.36111	1	0.43333	0.0	0.0	0.43333	0.43333	1	0.76259	0.0	0.0	0.76259	0.76259	1
Complexo	Original	SVC	grid_best_fold6	0.65	0.0	0.0	0.65	0.65	1	0.52174	0.0	0.0	0.52174	0.52174	1	0.33333	0.0	0.0	0.33333	0.33333	1	0.40678	0.0	0.0	0.40678	0.40678	1	0.77778	0.0	0.0	0.77778	0.77778	1
Complexo	Original	SVC	grid_best_fold7	0.61	0.0	0.0	0.61	0.61	1	0.44828	0.0	0.0	0.44828	0.44828	1	0.36111	0.0	0.0	0.36111	0.36111	1	0.4	0.0	0.0	0.4	0.4	1	0.64258	0.0	0.0	0.64258	0.64258	1
Complexo	Original	SVC	grid_best_fold8	0.64	0.0	0.0	0.64	0.64	1	0.5	0.0	0.0	0.5	0.5	1	0.41667	0.0	0.0	0.41667	0.41667	1	0.45455	0.0	0.0	0.45455	0.45455	1	0.70009	0.0	0.0	0.70009	0.70009	1
Complexo	Original	SVC	grid_best_fold9	0.66	0.0	0.0	0.66	0.66	1	0.52941	0.0	0.0	0.52941	0.52941	1	0.5	0.0	0.0	0.5	0.5	1	0.51429	0.0	0.0	0.51429	0.51429	1	0.73459	0.0	0.0	0.73459	0.73459	1
Dinâmico	Original	AdaBoost	grid_best_fold1	0.57	0.0	0.0	0.57	0.57	1	0.40476	0.0	0.0	0.40476	0.40476	1	0.48571	0.0	0.0	0.48571	0.48571	1	0.44156	0.0	0.0	0.44156	0.44156	1	0.65934	0.0	0.0	0.65934	0.65934	1
Dinâmico	Original	AdaBoost	grid_best_fold10	0.66	0.0	0.0	0.66	0.66	1	0.52941	0.0	0.0	0.52941	0.52941	1	0.5	0.0	0.0	0.5	0.5	1	0.51429	0.0	0.0	0.51429	0.51429	1	0.7092	0.0	0.0	0.7092	0.7092	1
Dinâmico	Original	AdaBoost	grid_best_fold2	0.6	0.0	0.0	0.6	0.6	1	0.42424	0.0	0.0	0.42424	0.42424	1	0.4	0.0	0.0	0.4	0.4	1	0.41176	0.0	0.0	0.41176	0.41176	1	0.66505	0.0	0.0	0.66505	0.66505	1
Dinâmico	Original	AdaBoost	grid_best_fold3	0.59	0.0	0.0	0.59	0.59	1	0.43243	0.0	0.0	0.43243	0.43243	1	0.44444	0.0	0.0	0.44444	0.44444	1	0.43836	0.0	0.0	0.43836	0.43836	1	0.71484	0.0	0.0	0.71484	0.71484	1
Dinâmico	Original	AdaBoost	grid_best_fold4	0.7	0.0	0.0	0.7	0.7	1	0.61538	0.0	0.0	0.61538	0.61538	1	0.44444	0.0	0.0	0.44444	0.44444	1	0.51613	0.0	0.0	0.51613	0.51613	1	0.75087	0.0	0.0	0.75087	0.75087	1
Dinâmico	Original	AdaBoost	grid_best_fold5	0.66	0.0	0.0	0.66	0.66	1	0.53571	0.0	0.0	0.53571	0.53571	1	0.41667	0.0	0.0	0.41667	0.41667	1	0.46875	0.0	0.0	0.46875	0.46875	1	0.72439	0.0	0.0	0.72439	0.72439	1
Dinâmico	Original	AdaBoost	grid_best_fold6	0.68	0.0	0.0	0.68	0.68	1	0.5625	0.0	0.0	0.5625	0.5625	1	0.5	0.0	0.0	0.5	0.5	1	0.52941	0.0	0.0	0.52941	0.52941	1	0.76259	0.0	0.0	0.76259	0.76259	1
Dinâmico	Original	AdaBoost	grid_best_fold7	0.61	0.0	0.0	0.61	0.61	1	0.45455	0.0	0.0	0.45455	0.45455	1	0.41667	0.0	0.0	0.41667	0.41667	1	0.43478	0.0	0.0	0.43478	0.43478	1	0.70139	0.0	0.0	0.70139	0.70139	1
Dinâmico	Original	AdaBoost	grid_best_fold8	0.7	0.0	0.0	0.7	0.7	1	0.57895	0.0	0.0	0.57895	0.57895	1	0.61111	0.0	0.0	0.61111	0.61111	1	0.59459	0.0	0.0	0.59459	0.59459	1	0.74197	0.0	0.0	0.74197	0.74197	1
Dinâmico	Original	AdaBoost	grid_best_fold9	0.69	0.0	0.0	0.69	0.69	1	0.58065	0.0	0.0	0.58065	0.58065	1	0.5	0.0	0.0	0.5	0.5	1	0.53731	0.0	0.0	0.53731	0.53731	1	0.75781	0.0	0.0	0.75781	0.75781	1
Dinâmico	Original	DT	grid_best_fold1	0.63	0.0	0.0	0.63	0.63	1	0.47222	0.0	0.0	0.47222	0.47222	1	0.48571	0.0	0.0	0.48571	0.48571	1	0.47887	0.0	0.0	0.47887	0.47887	1	0.65121	0.0	0.0	0.65121	0.65121	1
Dinâmico	Original	DT	grid_best_fold10	0.65	0.0	0.0	0.65	0.65	1	0.51111	0.0	0.0	0.51111	0.51111	1	0.63889	0.0	0.0	0.63889	0.63889	1	0.5679	0.0	0.0	0.5679	0.5679	1	0.6875	0.0	0.0	0.6875	0.6875	1
Dinâmico	Original	DT	grid_best_fold2	0.61	0.0	0.0	0.61	0.61	1	0.44737	0.0	0.0	0.44737	0.44737	1	0.48571	0.0	0.0	0.48571	0.48571	1	0.46575	0.0	0.0	0.46575	0.46575	1	0.61626	0.0	0.0	0.61626	0.61626	1
Dinâmico	Original	DT	grid_best_fold3	0.69	0.0	0.0	0.69	0.69	1	0.6	0.0	0.0	0.6	0.6	1	0.41667	0.0	0.0	0.41667	0.41667	1	0.4918	0.0	0.0	0.4918	0.4918	1	0.63021	0.0	0.0	0.63021	0.63021	1
Dinâmico	Original	DT	grid_best_fold4	0.64	0.0	0.0	0.64	0.64	1	0.5	0.0	0.0	0.5	0.5	1	0.41667	0.0	0.0	0.41667	0.41667	1	0.45455	0.0	0.0	0.45455	0.45455	1	0.58789	0.0	0.0	0.58789	0.58789	1
Dinâmico	Original	DT	grid_best_fold5	0.64	0.0	0.0	0.64	0.64	1	0.5	0.0	0.0	0.5	0.5	1	0.47222	0.0	0.0	0.47222	0.47222	1	0.48571	0.0	0.0	0.48571	0.48571	1	0.66493	0.0	0.0	0.66493	0.66493	1
Dinâmico	Original	DT	grid_best_fold6	0.72	0.0	0.0	0.72	0.72	1	0.63333	0.0	0.0	0.63333	0.63333	1	0.52778	0.0	0.0	0.52778	0.52778	1	0.57576	0.0	0.0	0.57576	0.57576	1	0.67795	0.0	0.0	0.67795	0.67795	1
Dinâmico	Original	DT	grid_best_fold7	0.59	0.0	0.0	0.59	0.59	1	0.43243	0.0	0.0	0.43243	0.43243	1	0.44444	0.0	0.0	0.44444	0.44444	1	0.43836	0.0	0.0	0.43836	0.43836	1	0.66406	0.0	0.0	0.66406	0.66406	1
Dinâmico	Original	DT	grid_best_fold8	0.67	0.0	0.0	0.67	0.67	1	0.53846	0.0	0.0	0.53846	0.53846	1	0.58333	0.0	0.0	0.58333	0.58333	1	0.56	0.0	0.0	0.56	0.56	1	0.69097	0.0	0.0	0.69097	0.69097	1
Dinâmico	Original	DT	grid_best_fold9	0.62	0.0	0.0	0.62	0.62	1	0.48214	0.0	0.0	0.48214	0.48214	1	0.75	0.0	0.0	0.75	0.75	1	0.58696	0.0	0.0	0.58696	0.58696	1	0.69575	0.0	0.0	0.69575	0.69575	1
Dinâmico	Original	ExtraTrees	grid_best_fold1	0.61	0.0	0.0	0.61	0.61	1	0.45455	0.0	0.0	0.45455	0.45455	1	0.57143	0.0	0.0	0.57143	0.57143	1	0.50633	0.0	0.0	0.50633	0.50633	1	0.64286	0.0	0.0	0.64286	0.64286	1
Dinâmico	Original	ExtraTrees	grid_best_fold10	0.66	0.0	0.0	0.66	0.66	1	0.525	0.0	0.0	0.525	0.525	1	0.58333	0.0	0.0	0.58333	0.58333	1	0.55263	0.0	0.0	0.55263	0.55263	1	0.73307	0.0	0.0	0.73307	0.73307	1
Dinâmico	Original	ExtraTrees	grid_best_fold2	0.65	0.0	0.0	0.65	0.65	1	0.5	0.0	0.0	0.5	0.5	1	0.48571	0.0	0.0	0.48571	0.48571	1	0.49275	0.0	0.0	0.49275	0.49275	1	0.67077	0.0	0.0	0.67077	0.67077	1
Dinâmico	Original	ExtraTrees	grid_best_fold3	0.65	0.0	0.0	0.65	0.65	1	0.51515	0.0	0.0	0.51515	0.51515	1	0.47222	0.0	0.0	0.47222	0.47222	1	0.49275	0.0	0.0	0.49275	0.49275	1	0.76519	0.0	0.0	0.76519	0.76519	1
Dinâmico	Original	ExtraTrees	grid_best_fold4	0.55	0.0	0.0	0.55	0.55	1	0.36364	0.0	0.0	0.36364	0.36364	1	0.33333	0.0	0.0	0.33333	0.33333	1	0.34783	0.0	0.0	0.34783	0.34783	1	0.699	0.0	0.0	0.699	0.699	1
Dinâmico	Original	ExtraTrees	grid_best_fold5	0.68	0.0	0.0	0.68	0.68	1	0.55556	0.0	0.0	0.55556	0.55556	1	0.55556	0.0	0.0	0.55556	0.55556	1	0.55556	0.0	0.0	0.55556	0.55556	1	0.7526	0.0	0.0	0.7526	0.7526	1
Dinâmico	Original	ExtraTrees	grid_best_fold6	0.65	0.0	0.0	0.65	0.65	1	0.51852	0.0	0.0	0.51852	0.51852	1	0.38889	0.0	0.0	0.38889	0.38889	1	0.44444	0.0	0.0	0.44444	0.44444	1	0.75977	0.0	0.0	0.75977	0.75977	1
Dinâmico	Original	ExtraTrees	grid_best_fold7	0.65	0.0	0.0	0.65	0.65	1	0.51429	0.0	0.0	0.51429	0.51429	1	0.5	0.0	0.0	0.5	0.5	1	0.50704	0.0	0.0	0.50704	0.50704	1	0.72678	0.0	0.0	0.72678	0.72678	1
Dinâmico	Original	ExtraTrees	grid_best_fold8	0.72	0.0	0.0	0.72	0.72	1	0.6	0.0	0.0	0.6	0.6	1	0.66667	0.0	0.0	0.66667	0.66667	1	0.63158	0.0	0.0	0.63158	0.63158	1	0.76823	0.0	0.0	0.76823	0.76823	1
Dinâmico	Original	ExtraTrees	grid_best_fold9	0.69	0.0	0.0	0.69	0.69	1	0.57576	0.0	0.0	0.57576	0.57576	1	0.52778	0.0	0.0	0.52778	0.52778	1	0.55072	0.0	0.0	0.55072	0.55072	1	0.7513	0.0	0.0	0.7513	0.7513	1
Dinâmico	Original	GaussianNB	grid_best_fold1	0.55	0.0	0.0	0.55	0.55	1	0.4375	0.0	0.0	0.4375	0.4375	1	1.0	0.0	0.0	1.0	1.0	1	0.6087	0.0	0.0	0.6087	0.6087	1	0.65385	0.0	0.0	0.65385	0.65385	1
Dinâmico	Original	GaussianNB	grid_best_fold10	0.6	0.0	0.0	0.6	0.6	1	0.47297	0.0	0.0	0.47297	0.47297	1	0.97222	0.0	0.0	0.97222	0.97222	1	0.63636	0.0	0.0	0.63636	0.63636	1	0.68121	0.0	0.0	0.68121	0.68121	1
Dinâmico	Original	GaussianNB	grid_best_fold2	0.55	0.0	0.0	0.55	0.55	1	0.4375	0.0	0.0	0.4375	0.4375	1	1.0	0.0	0.0	1.0	1.0	1	0.6087	0.0	0.0	0.6087	0.6087	1	0.65187	0.0	0.0	0.65187	0.65187	1
Dinâmico	Original	GaussianNB	grid_best_fold3	0.64	0.0	0.0	0.64	0.64	1	0.5	0.0	0.0	0.5	0.5	1	1.0	0.0	0.0	1.0	1.0	1	0.66667	0.0	0.0	0.66667	0.66667	1	0.71875	0.0	0.0	0.71875	0.71875	1
Dinâmico	Original	GaussianNB	grid_best_fold4	0.64	0.0	0.0	0.64	0.64	1	0.5	0.0	0.0	0.5	0.5	1	1.0	0.0	0.0	1.0	1.0	1	0.66667	0.0	0.0	0.66667	0.66667	1	0.71875	0.0	0.0	0.71875	0.71875	1
Dinâmico	Original	GaussianNB	grid_best_fold5	0.67	0.0	0.0	0.67	0.67	1	0.52174	0.0	0.0	0.52174	0.52174	1	1.0	0.0	0.0	1.0	1.0	1	0.68571	0.0	0.0	0.68571	0.68571	1	0.74219	0.0	0.0	0.74219	0.74219	1
Dinâmico	Original	GaussianNB	grid_best_fold6	0.71	0.0	0.0	0.71	0.71	1	0.55385	0.0	0.0	0.55385	0.55385	1	1.0	0.0	0.0	1.0	1.0	1	0.71287	0.0	0.0	0.71287	0.71287	1	0.78125	0.0	0.0	0.78125	0.78125	1
Dinâmico	Original	GaussianNB	grid_best_fold7	0.61	0.0	0.0	0.61	0.61	1	0.48	0.0	0.0	0.48	0.48	1	1.0	0.0	0.0	1.0	1.0	1	0.64865	0.0	0.0	0.64865	0.64865	1	0.69531	0.0	0.0	0.69531	0.69531	1
Dinâmico	Original	GaussianNB	grid_best_fold8	0.57	0.0	0.0	0.57	0.57	1	0.45333	0.0	0.0	0.45333	0.45333	1	0.94444	0.0	0.0	0.94444	0.94444	1	0.61261	0.0	0.0	0.61261	0.61261	1	0.65061	0.0	0.0	0.65061	0.65061	1
Dinâmico	Original	GaussianNB	grid_best_fold9	0.63	0.0	0.0	0.63	0.63	1	0.49315	0.0	0.0	0.49315	0.49315	1	1.0	0.0	0.0	1.0	1.0	1	0.66055	0.0	0.0	0.66055	0.66055	1	0.7105	0.0	0.0	0.7105	0.7105	1
Dinâmico	Original	GradientBoosting	grid_best_fold1	0.62	0.0	0.0	0.62	0.62	1	0.46512	0.0	0.0	0.46512	0.46512	1	0.57143	0.0	0.0	0.57143	0.57143	1	0.51282	0.0	0.0	0.51282	0.51282	1	0.6844	0.0	0.0	0.6844	0.6844	1
Dinâmico	Original	GradientBoosting	grid_best_fold10	0.66	0.0	0.0	0.66	0.66	1	0.52632	0.0	0.0	0.52632	0.52632	1	0.55556	0.0	0.0	0.55556	0.55556	1	0.54054	0.0	0.0	0.54054	0.54054	1	0.70703	0.0	0.0	0.70703	0.70703	1
Dinâmico	Original	GradientBoosting	grid_best_fold2	0.6	0.0	0.0	0.6	0.6	1	0.42857	0.0	0.0	0.42857	0.42857	1	0.42857	0.0	0.0	0.42857	0.42857	1	0.42857	0.0	0.0	0.42857	0.42857	1	0.65231	0.0	0.0	0.65231	0.65231	1
Dinâmico	Original	GradientBoosting	grid_best_fold3	0.67	0.0	0.0	0.67	0.67	1	0.54286	0.0	0.0	0.54286	0.54286	1	0.52778	0.0	0.0	0.52778	0.52778	1	0.53521	0.0	0.0	0.53521	0.53521	1	0.76562	0.0	0.0	0.76562	0.76562	1
Dinâmico	Original	GradientBoosting	grid_best_fold4	0.62	0.0	0.0	0.62	0.62	1	0.45833	0.0	0.0	0.45833	0.45833	1	0.30556	0.0	0.0	0.30556	0.30556	1	0.36667	0.0	0.0	0.36667	0.36667	1	0.69792	0.0	0.0	0.69792	0.69792	1
Dinâmico	Original	GradientBoosting	grid_best_fold5	0.67	0.0	0.0	0.67	0.67	1	0.54545	0.0	0.0	0.54545	0.54545	1	0.5	0.0	0.0	0.5	0.5	1	0.52174	0.0	0.0	0.52174	0.52174	1	0.73872	0.0	0.0	0.73872	0.73872	1
Dinâmico	Original	GradientBoosting	grid_best_fold6	0.64	0.0	0.0	0.64	0.64	1	0.5	0.0	0.0	0.5	0.5	1	0.36111	0.0	0.0	0.36111	0.36111	1	0.41935	0.0	0.0	0.41935	0.41935	1	0.77127	0.0	0.0	0.77127	0.77127	1
Dinâmico	Original	GradientBoosting	grid_best_fold7	0.64	0.0	0.0	0.64	0.64	1	0.5	0.0	0.0	0.5	0.5	1	0.47222	0.0	0.0	0.47222	0.47222	1	0.48571	0.0	0.0	0.48571	0.48571	1	0.69054	0.0	0.0	0.69054	0.69054	1
Dinâmico	Original	GradientBoosting	grid_best_fold8	0.69	0.0	0.0	0.69	0.69	1	0.5641	0.0	0.0	0.5641	0.5641	1	0.61111	0.0	0.0	0.61111	0.61111	1	0.58667	0.0	0.0	0.58667	0.58667	1	0.76649	0.0	0.0	0.76649	0.76649	1
Dinâmico	Original	GradientBoosting	grid_best_fold9	0.67	0.0	0.0	0.67	0.67	1	0.54839	0.0	0.0	0.54839	0.54839	1	0.47222	0.0	0.0	0.47222	0.47222	1	0.50746	0.0	0.0	0.50746	0.50746	1	0.69575	0.0	0.0	0.69575	0.69575	1
Dinâmico	Original	HistGradientBoosting	grid_best_fold1	0.61	0.0	0.0	0.61	0.61	1	0.45238	0.0	0.0	0.45238	0.45238	1	0.54286	0.0	0.0	0.54286	0.54286	1	0.49351	0.0	0.0	0.49351	0.49351	1	0.66198	0.0	0.0	0.66198	0.66198	1
Dinâmico	Original	HistGradientBoosting	grid_best_fold10	0.65	0.0	0.0	0.65	0.65	1	0.51282	0.0	0.0	0.51282	0.51282	1	0.55556	0.0	0.0	0.55556	0.55556	1	0.53333	0.0	0.0	0.53333	0.53333	1	0.71311	0.0	0.0	0.71311	0.71311	1
Dinâmico	Original	HistGradientBoosting	grid_best_fold2	0.62	0.0	0.0	0.62	0.62	1	0.45714	0.0	0.0	0.45714	0.45714	1	0.45714	0.0	0.0	0.45714	0.45714	1	0.45714	0.0	0.0	0.45714	0.45714	1	0.66505	0.0	0.0	0.66505	0.66505	1
Dinâmico	Original	HistGradientBoosting	grid_best_fold3	0.69	0.0	0.0	0.69	0.69	1	0.57143	0.0	0.0	0.57143	0.57143	1	0.55556	0.0	0.0	0.55556	0.55556	1	0.56338	0.0	0.0	0.56338	0.56338	1	0.77387	0.0	0.0	0.77387	0.77387	1
Dinâmico	Original	HistGradientBoosting	grid_best_fold4	0.62	0.0	0.0	0.62	0.62	1	0.46429	0.0	0.0	0.46429	0.46429	1	0.36111	0.0	0.0	0.36111	0.36111	1	0.40625	0.0	0.0	0.40625	0.40625	1	0.71354	0.0	0.0	0.71354	0.71354	1
Dinâmico	Original	HistGradientBoosting	grid_best_fold5	0.65	0.0	0.0	0.65	0.65	1	0.51351	0.0	0.0	0.51351	0.51351	1	0.52778	0.0	0.0	0.52778	0.52778	1	0.52055	0.0	0.0	0.52055	0.52055	1	0.73351	0.0	0.0	0.73351	0.73351	1
Dinâmico	Original	HistGradientBoosting	grid_best_fold6	0.71	0.0	0.0	0.71	0.71	1	0.65217	0.0	0.0	0.65217	0.65217	1	0.41667	0.0	0.0	0.41667	0.41667	1	0.50847	0.0	0.0	0.50847	0.50847	1	0.81814	0.0	0.0	0.81814	0.81814	1
Dinâmico	Original	HistGradientBoosting	grid_best_fold7	0.65	0.0	0.0	0.65	0.65	1	0.51613	0.0	0.0	0.51613	0.51613	1	0.44444	0.0	0.0	0.44444	0.44444	1	0.47761	0.0	0.0	0.47761	0.47761	1	0.71398	0.0	0.0	0.71398	0.71398	1
Dinâmico	Original	HistGradientBoosting	grid_best_fold8	0.64	0.0	0.0	0.64	0.64	1	0.5	0.0	0.0	0.5	0.5	1	0.63889	0.0	0.0	0.63889	0.63889	1	0.56098	0.0	0.0	0.56098	0.56098	1	0.73481	0.0	0.0	0.73481	0.73481	1
Dinâmico	Original	HistGradientBoosting	grid_best_fold9	0.65	0.0	0.0	0.65	0.65	1	0.51613	0.0	0.0	0.51613	0.51613	1	0.44444	0.0	0.0	0.44444	0.44444	1	0.47761	0.0	0.0	0.47761	0.47761	1	0.72786	0.0	0.0	0.72786	0.72786	1
Dinâmico	Original	KNN	grid_best_fold1	0.59	0.0	0.0	0.59	0.59	1	0.4375	0.0	0.0	0.4375	0.4375	1	0.6	0.0	0.0	0.6	0.6	1	0.50602	0.0	0.0	0.50602	0.50602	1	0.59231	0.0	0.0	0.59231	0.59231	1
Dinâmico	Original	KNN	grid_best_fold10	0.71	0.0	0.0	0.71	0.71	1	0.59459	0.0	0.0	0.59459	0.59459	1	0.61111	0.0	0.0	0.61111	0.61111	1	0.60274	0.0	0.0	0.60274	0.60274	1	0.68837	0.0	0.0	0.68837	0.68837	1
Dinâmico	Original	KNN	grid_best_fold2	0.64	0.0	0.0	0.64	0.64	1	0.48485	0.0	0.0	0.48485	0.48485	1	0.45714	0.0	0.0	0.45714	0.45714	1	0.47059	0.0	0.0	0.47059	0.47059	1	0.5978	0.0	0.0	0.5978	0.5978	1
Dinâmico	Original	KNN	grid_best_fold3	0.67	0.0	0.0	0.67	0.67	1	0.54839	0.0	0.0	0.54839	0.54839	1	0.47222	0.0	0.0	0.47222	0.47222	1	0.50746	0.0	0.0	0.50746	0.50746	1	0.69358	0.0	0.0	0.69358	0.69358	1
Dinâmico	Original	KNN	grid_best_fold4	0.62	0.0	0.0	0.62	0.62	1	0.47059	0.0	0.0	0.47059	0.47059	1	0.44444	0.0	0.0	0.44444	0.44444	1	0.45714	0.0	0.0	0.45714	0.45714	1	0.5816	0.0	0.0	0.5816	0.5816	1
Dinâmico	Original	KNN	grid_best_fold5	0.65	0.0	0.0	0.65	0.65	1	0.51429	0.0	0.0	0.51429	0.51429	1	0.5	0.0	0.0	0.5	0.5	1	0.50704	0.0	0.0	0.50704	0.50704	1	0.61719	0.0	0.0	0.61719	0.61719	1
Dinâmico	Original	KNN	grid_best_fold6	0.68	0.0	0.0	0.68	0.68	1	0.57692	0.0	0.0	0.57692	0.57692	1	0.41667	0.0	0.0	0.41667	0.41667	1	0.48387	0.0	0.0	0.48387	0.48387	1	0.6224	0.0	0.0	0.6224	0.6224	1
Dinâmico	Original	KNN	grid_best_fold7	0.68	0.0	0.0	0.68	0.68	1	0.55882	0.0	0.0	0.55882	0.55882	1	0.52778	0.0	0.0	0.52778	0.52778	1	0.54286	0.0	0.0	0.54286	0.54286	1	0.6467	0.0	0.0	0.6467	0.6467	1
Dinâmico	Original	KNN	grid_best_fold8	0.65	0.0	0.0	0.65	0.65	1	0.5122	0.0	0.0	0.5122	0.5122	1	0.58333	0.0	0.0	0.58333	0.58333	1	0.54545	0.0	0.0	0.54545	0.54545	1	0.63542	0.0	0.0	0.63542	0.63542	1
Dinâmico	Original	KNN	grid_best_fold9	0.65	0.0	0.0	0.65	0.65	1	0.51282	0.0	0.0	0.51282	0.51282	1	0.55556	0.0	0.0	0.55556	0.55556	1	0.53333	0.0	0.0	0.53333	0.53333	1	0.62934	0.0	0.0	0.62934	0.62934	1
Dinâmico	Original	LR	grid_best_fold1	0.67	0.0	0.0	0.67	0.67	1	0.52941	0.0	0.0	0.52941	0.52941	1	0.51429	0.0	0.0	0.51429	0.51429	1	0.52174	0.0	0.0	0.52174	0.52174	1	0.71033	0.0	0.0	0.71033	0.71033	1
Dinâmico	Original	LR	grid_best_fold10	0.64	0.0	0.0	0.64	0.64	1	0.5	0.0	0.0	0.5	0.5	1	0.41667	0.0	0.0	0.41667	0.41667	1	0.45455	0.0	0.0	0.45455	0.45455	1	0.67839	0.0	0.0	0.67839	0.67839	1
Dinâmico	Original	LR	grid_best_fold2	0.58	0.0	0.0	0.58	0.58	1	0.4186	0.0	0.0	0.4186	0.4186	1	0.51429	0.0	0.0	0.51429	0.51429	1	0.46154	0.0	0.0	0.46154	0.46154	1	0.63868	0.0	0.0	0.63868	0.63868	1
Dinâmico	Original	LR	grid_best_fold3	0.67	0.0	0.0	0.67	0.67	1	0.54839	0.0	0.0	0.54839	0.54839	1	0.47222	0.0	0.0	0.47222	0.47222	1	0.50746	0.0	0.0	0.50746	0.50746	1	0.74262	0.0	0.0	0.74262	0.74262	1
Dinâmico	Original	LR	grid_best_fold4	0.63	0.0	0.0	0.63	0.63	1	0.48276	0.0	0.0	0.48276	0.48276	1	0.38889	0.0	0.0	0.38889	0.38889	1	0.43077	0.0	0.0	0.43077	0.43077	1	0.69618	0.0	0.0	0.69618	0.69618	1
Dinâmico	Original	LR	grid_best_fold5	0.61	0.0	0.0	0.61	0.61	1	0.44	0.0	0.0	0.44	0.44	1	0.30556	0.0	0.0	0.30556	0.30556	1	0.36066	0.0	0.0	0.36066	0.36066	1	0.69792	0.0	0.0	0.69792	0.69792	1
Dinâmico	Original	LR	grid_best_fold6	0.62	0.0	0.0	0.62	0.62	1	0.46154	0.0	0.0	0.46154	0.46154	1	0.33333	0.0	0.0	0.33333	0.33333	1	0.3871	0.0	0.0	0.3871	0.3871	1	0.7309	0.0	0.0	0.7309	0.7309	1
Dinâmico	Original	LR	grid_best_fold7	0.55	0.0	0.0	0.55	0.55	1	0.36364	0.0	0.0	0.36364	0.36364	1	0.33333	0.0	0.0	0.33333	0.33333	1	0.34783	0.0	0.0	0.34783	0.34783	1	0.61285	0.0	0.0	0.61285	0.61285	1
Dinâmico	Original	LR	grid_best_fold8	0.61	0.0	0.0	0.61	0.61	1	0.46341	0.0	0.0	0.46341	0.46341	1	0.52778	0.0	0.0	0.52778	0.52778	1	0.49351	0.0	0.0	0.49351	0.49351	1	0.67361	0.0	0.0	0.67361	0.67361	1
Dinâmico	Original	LR	grid_best_fold9	0.63	0.0	0.0	0.63	0.63	1	0.48571	0.0	0.0	0.48571	0.48571	1	0.47222	0.0	0.0	0.47222	0.47222	1	0.47887	0.0	0.0	0.47887	0.47887	1	0.69792	0.0	0.0	0.69792	0.69792	1
Dinâmico	Original	RF	grid_best_fold1	0.56	0.0	0.0	0.56	0.56	1	0.39024	0.0	0.0	0.39024	0.39024	1	0.45714	0.0	0.0	0.45714	0.45714	1	0.42105	0.0	0.0	0.42105	0.42105	1	0.62198	0.0	0.0	0.62198	0.62198	1
Dinâmico	Original	RF	grid_best_fold10	0.64	0.0	0.0	0.64	0.64	1	0.5	0.0	0.0	0.5	0.5	1	0.52778	0.0	0.0	0.52778	0.52778	1	0.51351	0.0	0.0	0.51351	0.51351	1	0.70009	0.0	0.0	0.70009	0.70009	1
Dinâmico	Original	RF	grid_best_fold2	0.62	0.0	0.0	0.62	0.62	1	0.46341	0.0	0.0	0.46341	0.46341	1	0.54286	0.0	0.0	0.54286	0.54286	1	0.5	0.0	0.0	0.5	0.5	1	0.65143	0.0	0.0	0.65143	0.65143	1
Dinâmico	Original	RF	grid_best_fold3	0.7	0.0	0.0	0.7	0.7	1	0.59375	0.0	0.0	0.59375	0.59375	1	0.52778	0.0	0.0	0.52778	0.52778	1	0.55882	0.0	0.0	0.55882	0.55882	1	0.77214	0.0	0.0	0.77214	0.77214	1
Dinâmico	Original	RF	grid_best_fold4	0.62	0.0	0.0	0.62	0.62	1	0.46154	0.0	0.0	0.46154	0.46154	1	0.33333	0.0	0.0	0.33333	0.33333	1	0.3871	0.0	0.0	0.3871	0.3871	1	0.71528	0.0	0.0	0.71528	0.71528	1
Dinâmico	Original	RF	grid_best_fold5	0.66	0.0	0.0	0.66	0.66	1	0.52941	0.0	0.0	0.52941	0.52941	1	0.5	0.0	0.0	0.5	0.5	1	0.51429	0.0	0.0	0.51429	0.51429	1	0.72418	0.0	0.0	0.72418	0.72418	1
Dinâmico	Original	RF	grid_best_fold6	0.69	0.0	0.0	0.69	0.69	1	0.58621	0.0	0.0	0.58621	0.58621	1	0.47222	0.0	0.0	0.47222	0.47222	1	0.52308	0.0	0.0	0.52308	0.52308	1	0.78103	0.0	0.0	0.78103	0.78103	1
Dinâmico	Original	RF	grid_best_fold7	0.63	0.0	0.0	0.63	0.63	1	0.48485	0.0	0.0	0.48485	0.48485	1	0.44444	0.0	0.0	0.44444	0.44444	1	0.46377	0.0	0.0	0.46377	0.46377	1	0.6849	0.0	0.0	0.6849	0.6849	1
Dinâmico	Original	RF	grid_best_fold8	0.66	0.0	0.0	0.66	0.66	1	0.52381	0.0	0.0	0.52381	0.52381	1	0.61111	0.0	0.0	0.61111	0.61111	1	0.5641	0.0	0.0	0.5641	0.5641	1	0.73242	0.0	0.0	0.73242	0.73242	1
Dinâmico	Original	RF	grid_best_fold9	0.65	0.0	0.0	0.65	0.65	1	0.51282	0.0	0.0	0.51282	0.51282	1	0.55556	0.0	0.0	0.55556	0.55556	1	0.53333	0.0	0.0	0.53333	0.53333	1	0.75065	0.0	0.0	0.75065	0.75065	1
Dinâmico	Original	SVC	grid_best_fold1	0.6	0.0	0.0	0.6	0.6	1	0.38095	0.0	0.0	0.38095	0.38095	1	0.22857	0.0	0.0	0.22857	0.22857	1	0.28571	0.0	0.0	0.28571	0.28571	1	0.69582	0.0	0.0	0.69582	0.69582	1
Dinâmico	Original	SVC	grid_best_fold10	0.64	0.0	0.0	0.64	0.64	1	0.5	0.0	0.0	0.5	0.5	1	0.16667	0.0	0.0	0.16667	0.16667	1	0.25	0.0	0.0	0.25	0.25	1	0.69097	0.0	0.0	0.69097	0.69097	1
Dinâmico	Original	SVC	grid_best_fold2	0.69	0.0	0.0	0.69	0.69	1	0.58333	0.0	0.0	0.58333	0.58333	1	0.4	0.0	0.0	0.4	0.4	1	0.47458	0.0	0.0	0.47458	0.47458	1	0.70462	0.0	0.0	0.70462	0.70462	1
Dinâmico	Original	SVC	grid_best_fold3	0.65	0.0	0.0	0.65	0.65	1	0.51724	0.0	0.0	0.51724	0.51724	1	0.41667	0.0	0.0	0.41667	0.41667	1	0.46154	0.0	0.0	0.46154	0.46154	1	0.72005	0.0	0.0	0.72005	0.72005	1
Dinâmico	Original	SVC	grid_best_fold4	0.62	0.0	0.0	0.62	0.62	1	0.45833	0.0	0.0	0.45833	0.45833	1	0.30556	0.0	0.0	0.30556	0.30556	1	0.36667	0.0	0.0	0.36667	0.36667	1	0.72569	0.0	0.0	0.72569	0.72569	1
Dinâmico	Original	SVC	grid_best_fold5	0.59	0.0	0.0	0.59	0.59	1	0.35294	0.0	0.0	0.35294	0.35294	1	0.16667	0.0	0.0	0.16667	0.16667	1	0.22642	0.0	0.0	0.22642	0.22642	1	0.67665	0.0	0.0	0.67665	0.67665	1
Dinâmico	Original	SVC	grid_best_fold6	0.62	0.0	0.0	0.62	0.62	1	0.44444	0.0	0.0	0.44444	0.44444	1	0.22222	0.0	0.0	0.22222	0.22222	1	0.2963	0.0	0.0	0.2963	0.2963	1	0.7105	0.0	0.0	0.7105	0.7105	1
Dinâmico	Original	SVC	grid_best_fold7	0.5	0.0	0.0	0.5	0.5	1	0.18182	0.0	0.0	0.18182	0.18182	1	0.11111	0.0	0.0	0.11111	0.11111	1	0.13793	0.0	0.0	0.13793	0.13793	1	0.57378	0.0	0.0	0.57378	0.57378	1
Dinâmico	Original	SVC	grid_best_fold8	0.63	0.0	0.0	0.63	0.63	1	0.47619	0.0	0.0	0.47619	0.47619	1	0.27778	0.0	0.0	0.27778	0.27778	1	0.35088	0.0	0.0	0.35088	0.35088	1	0.70117	0.0	0.0	0.70117	0.70117	1
Dinâmico	Original	SVC	grid_best_fold9	0.65	0.0	0.0	0.65	0.65	1	0.53333	0.0	0.0	0.53333	0.53333	1	0.22222	0.0	0.0	0.22222	0.22222	1	0.31373	0.0	0.0	0.31373	0.31373	1	0.67904	0.0	0.0	0.67904	0.67904	1
Estresse	Original	AdaBoost	grid_best_fold1	0.61	0.0	0.0	0.61	0.61	1	0.45	0.0	0.0	0.45	0.45	1	0.51429	0.0	0.0	0.51429	0.51429	1	0.48	0.0	0.0	0.48	0.48	1	0.63868	0.0	0.0	0.63868	0.63868	1
Estresse	Original	AdaBoost	grid_best_fold10	0.67	0.0	0.0	0.67	0.67	1	0.54545	0.0	0.0	0.54545	0.54545	1	0.5	0.0	0.0	0.5	0.5	1	0.52174	0.0	0.0	0.52174	0.52174	1	0.71398	0.0	0.0	0.71398	0.71398	1
Estresse	Original	AdaBoost	grid_best_fold2	0.63	0.0	0.0	0.63	0.63	1	0.47059	0.0	0.0	0.47059	0.47059	1	0.45714	0.0	0.0	0.45714	0.45714	1	0.46377	0.0	0.0	0.46377	0.46377	1	0.64989	0.0	0.0	0.64989	0.64989	1
Estresse	Original	AdaBoost	grid_best_fold3	0.65	0.0	0.0	0.65	0.65	1	0.52	0.0	0.0	0.52	0.52	1	0.36111	0.0	0.0	0.36111	0.36111	1	0.42623	0.0	0.0	0.42623	0.42623	1	0.74935	0.0	0.0	0.74935	0.74935	1
Estresse	Original	AdaBoost	grid_best_fold4	0.67	0.0	0.0	0.67	0.67	1	0.55172	0.0	0.0	0.55172	0.55172	1	0.44444	0.0	0.0	0.44444	0.44444	1	0.49231	0.0	0.0	0.49231	0.49231	1	0.72049	0.0	0.0	0.72049	0.72049	1
Estresse	Original	AdaBoost	grid_best_fold5	0.63	0.0	0.0	0.63	0.63	1	0.48276	0.0	0.0	0.48276	0.48276	1	0.38889	0.0	0.0	0.38889	0.38889	1	0.43077	0.0	0.0	0.43077	0.43077	1	0.67839	0.0	0.0	0.67839	0.67839	1
Estresse	Original	AdaBoost	grid_best_fold6	0.67	0.0	0.0	0.67	0.67	1	0.56522	0.0	0.0	0.56522	0.56522	1	0.36111	0.0	0.0	0.36111	0.36111	1	0.44068	0.0	0.0	0.44068	0.44068	1	0.79297	0.0	0.0	0.79297	0.79297	1
Estresse	Original	AdaBoost	grid_best_fold7	0.61	0.0	0.0	0.61	0.61	1	0.45946	0.0	0.0	0.45946	0.45946	1	0.47222	0.0	0.0	0.47222	0.47222	1	0.46575	0.0	0.0	0.46575	0.46575	1	0.68359	0.0	0.0	0.68359	0.68359	1
Estresse	Original	AdaBoost	grid_best_fold8	0.64	0.0	0.0	0.64	0.64	1	0.5	0.0	0.0	0.5	0.5	1	0.61111	0.0	0.0	0.61111	0.61111	1	0.55	0.0	0.0	0.55	0.55	1	0.73177	0.0	0.0	0.73177	0.73177	1
Estresse	Original	AdaBoost	grid_best_fold9	0.65	0.0	0.0	0.65	0.65	1	0.52	0.0	0.0	0.52	0.52	1	0.36111	0.0	0.0	0.36111	0.36111	1	0.42623	0.0	0.0	0.42623	0.42623	1	0.67339	0.0	0.0	0.67339	0.67339	1
Estresse	Original	DT	grid_best_fold1	0.55	0.0	0.0	0.55	0.55	1	0.38636	0.0	0.0	0.38636	0.38636	1	0.48571	0.0	0.0	0.48571	0.48571	1	0.43038	0.0	0.0	0.43038	0.43038	1	0.5389	0.0	0.0	0.5389	0.5389	1
Estresse	Original	DT	grid_best_fold10	0.61	0.0	0.0	0.61	0.61	1	0.47541	0.0	0.0	0.47541	0.47541	1	0.80556	0.0	0.0	0.80556	0.80556	1	0.59794	0.0	0.0	0.59794	0.59794	1	0.69922	0.0	0.0	0.69922	0.69922	1
Estresse	Original	DT	grid_best_fold2	0.64	0.0	0.0	0.64	0.64	1	0.48837	0.0	0.0	0.48837	0.48837	1	0.6	0.0	0.0	0.6	0.6	1	0.53846	0.0	0.0	0.53846	0.53846	1	0.63077	0.0	0.0	0.63077	0.63077	1
Estresse	Original	DT	grid_best_fold3	0.6	0.0	0.0	0.6	0.6	1	0.45455	0.0	0.0	0.45455	0.45455	1	0.55556	0.0	0.0	0.55556	0.55556	1	0.5	0.0	0.0	0.5	0.5	1	0.69575	0.0	0.0	0.69575	0.69575	1
Estresse	Original	DT	grid_best_fold4	0.64	0.0	0.0	0.64	0.64	1	0.5	0.0	0.0	0.5	0.5	1	0.41667	0.0	0.0	0.41667	0.41667	1	0.45455	0.0	0.0	0.45455	0.45455	1	0.58789	0.0	0.0	0.58789	0.58789	1
Estresse	Original	DT	grid_best_fold5	0.7	0.0	0.0	0.7	0.7	1	0.59375	0.0	0.0	0.59375	0.59375	1	0.52778	0.0	0.0	0.52778	0.52778	1	0.55882	0.0	0.0	0.55882	0.55882	1	0.66233	0.0	0.0	0.66233	0.66233	1
Estresse	Original	DT	grid_best_fold6	0.65	0.0	0.0	0.65	0.65	1	0.51515	0.0	0.0	0.51515	0.51515	1	0.47222	0.0	0.0	0.47222	0.47222	1	0.49275	0.0	0.0	0.49275	0.49275	1	0.75347	0.0	0.0	0.75347	0.75347	1
Estresse	Original	DT	grid_best_fold7	0.6	0.0	0.0	0.6	0.6	1	0.41667	0.0	0.0	0.41667	0.41667	1	0.27778	0.0	0.0	0.27778	0.27778	1	0.33333	0.0	0.0	0.33333	0.33333	1	0.6645	0.0	0.0	0.6645	0.6645	1
Estresse	Original	DT	grid_best_fold8	0.58	0.0	0.0	0.58	0.58	1	0.45455	0.0	0.0	0.45455	0.45455	1	0.83333	0.0	0.0	0.83333	0.83333	1	0.58824	0.0	0.0	0.58824	0.58824	1	0.64909	0.0	0.0	0.64909	0.64909	1
Estresse	Original	DT	grid_best_fold9	0.71	0.0	0.0	0.71	0.71	1	0.66667	0.0	0.0	0.66667	0.66667	1	0.38889	0.0	0.0	0.38889	0.38889	1	0.49123	0.0	0.0	0.49123	0.49123	1	0.72982	0.0	0.0	0.72982	0.72982	1
Estresse	Original	ExtraTrees	grid_best_fold1	0.56	0.0	0.0	0.56	0.56	1	0.40816	0.0	0.0	0.40816	0.40816	1	0.57143	0.0	0.0	0.57143	0.57143	1	0.47619	0.0	0.0	0.47619	0.47619	1	0.62901	0.0	0.0	0.62901	0.62901	1
Estresse	Original	ExtraTrees	grid_best_fold10	0.65	0.0	0.0	0.65	0.65	1	0.51351	0.0	0.0	0.51351	0.51351	1	0.52778	0.0	0.0	0.52778	0.52778	1	0.52055	0.0	0.0	0.52055	0.52055	1	0.7424	0.0	0.0	0.7424	0.7424	1
Estresse	Original	ExtraTrees	grid_best_fold2	0.6	0.0	0.0	0.6	0.6	1	0.43243	0.0	0.0	0.43243	0.43243	1	0.45714	0.0	0.0	0.45714	0.45714	1	0.44444	0.0	0.0	0.44444	0.44444	1	0.67451	0.0	0.0	0.67451	0.67451	1
Estresse	Original	ExtraTrees	grid_best_fold3	0.74	0.0	0.0	0.74	0.74	1	0.66667	0.0	0.0	0.66667	0.66667	1	0.55556	0.0	0.0	0.55556	0.55556	1	0.60606	0.0	0.0	0.60606	0.60606	1	0.79275	0.0	0.0	0.79275	0.79275	1
Estresse	Original	ExtraTrees	grid_best_fold4	0.65	0.0	0.0	0.65	0.65	1	0.51515	0.0	0.0	0.51515	0.51515	1	0.47222	0.0	0.0	0.47222	0.47222	1	0.49275	0.0	0.0	0.49275	0.49275	1	0.73633	0.0	0.0	0.73633	0.73633	1
Estresse	Original	ExtraTrees	grid_best_fold5	0.63	0.0	0.0	0.63	0.63	1	0.48148	0.0	0.0	0.48148	0.48148	1	0.36111	0.0	0.0	0.36111	0.36111	1	0.4127	0.0	0.0	0.4127	0.4127	1	0.7513	0.0	0.0	0.7513	0.7513	1
Estresse	Original	ExtraTrees	grid_best_fold6	0.69	0.0	0.0	0.69	0.69	1	0.58065	0.0	0.0	0.58065	0.58065	1	0.5	0.0	0.0	0.5	0.5	1	0.53731	0.0	0.0	0.53731	0.53731	1	0.75499	0.0	0.0	0.75499	0.75499	1
Estresse	Original	ExtraTrees	grid_best_fold7	0.62	0.0	0.0	0.62	0.62	1	0.47222	0.0	0.0	0.47222	0.47222	1	0.47222	0.0	0.0	0.47222	0.47222	1	0.47222	0.0	0.0	0.47222	0.47222	1	0.69076	0.0	0.0	0.69076	0.69076	1
Estresse	Original	ExtraTrees	grid_best_fold8	0.68	0.0	0.0	0.68	0.68	1	0.54762	0.0	0.0	0.54762	0.54762	1	0.63889	0.0	0.0	0.63889	0.63889	1	0.58974	0.0	0.0	0.58974	0.58974	1	0.74306	0.0	0.0	0.74306	0.74306	1
Estresse	Original	ExtraTrees	grid_best_fold9	0.69	0.0	0.0	0.69	0.69	1	0.55814	0.0	0.0	0.55814	0.55814	1	0.66667	0.0	0.0	0.66667	0.66667	1	0.60759	0.0	0.0	0.60759	0.60759	1	0.71766	0.0	0.0	0.71766	0.71766	1
Estresse	Original	GaussianNB	grid_best_fold1	0.5	0.0	0.0	0.5	0.5	1	0.41176	0.0	0.0	0.41176	0.41176	1	1.0	0.0	0.0	1.0	1.0	1	0.58333	0.0	0.0	0.58333	0.58333	1	0.65385	0.0	0.0	0.65385	0.65385	1
Estresse	Original	GaussianNB	grid_best_fold10	0.58	0.0	0.0	0.58	0.58	1	0.46154	0.0	0.0	0.46154	0.46154	1	1.0	0.0	0.0	1.0	1.0	1	0.63158	0.0	0.0	0.63158	0.63158	1	0.69444	0.0	0.0	0.69444	0.69444	1
Estresse	Original	GaussianNB	grid_best_fold2	0.52	0.0	0.0	0.52	0.52	1	0.42169	0.0	0.0	0.42169	0.42169	1	1.0	0.0	0.0	1.0	1.0	1	0.59322	0.0	0.0	0.59322	0.59322	1	0.67385	0.0	0.0	0.67385	0.67385	1
Estresse	Original	GaussianNB	grid_best_fold3	0.61	0.0	0.0	0.61	0.61	1	0.48	0.0	0.0	0.48	0.48	1	1.0	0.0	0.0	1.0	1.0	1	0.64865	0.0	0.0	0.64865	0.64865	1	0.70877	0.0	0.0	0.70877	0.70877	1
Estresse	Original	GaussianNB	grid_best_fold4	0.65	0.0	0.0	0.65	0.65	1	0.50704	0.0	0.0	0.50704	0.50704	1	1.0	0.0	0.0	1.0	1.0	1	0.6729	0.0	0.0	0.6729	0.6729	1	0.71897	0.0	0.0	0.71897	0.71897	1
Estresse	Original	GaussianNB	grid_best_fold5	0.66	0.0	0.0	0.66	0.66	1	0.51429	0.0	0.0	0.51429	0.51429	1	1.0	0.0	0.0	1.0	1.0	1	0.67925	0.0	0.0	0.67925	0.67925	1	0.77344	0.0	0.0	0.77344	0.77344	1
Estresse	Original	GaussianNB	grid_best_fold6	0.67	0.0	0.0	0.67	0.67	1	0.52174	0.0	0.0	0.52174	0.52174	1	1.0	0.0	0.0	1.0	1.0	1	0.68571	0.0	0.0	0.68571	0.68571	1	0.76649	0.0	0.0	0.76649	0.76649	1
Estresse	Original	GaussianNB	grid_best_fold7	0.6	0.0	0.0	0.6	0.6	1	0.47368	0.0	0.0	0.47368	0.47368	1	1.0	0.0	0.0	1.0	1.0	1	0.64286	0.0	0.0	0.64286	0.64286	1	0.71094	0.0	0.0	0.71094	0.71094	1
Estresse	Original	GaussianNB	grid_best_fold8	0.57	0.0	0.0	0.57	0.57	1	0.45333	0.0	0.0	0.45333	0.45333	1	0.94444	0.0	0.0	0.94444	0.94444	1	0.61261	0.0	0.0	0.61261	0.61261	1	0.65017	0.0	0.0	0.65017	0.65017	1
Estresse	Original	GaussianNB	grid_best_fold9	0.58	0.0	0.0	0.58	0.58	1	0.46053	0.0	0.0	0.46053	0.46053	1	0.97222	0.0	0.0	0.97222	0.97222	1	0.625	0.0	0.0	0.625	0.625	1	0.69683	0.0	0.0	0.69683	0.69683	1
Estresse	Original	GradientBoosting	grid_best_fold1	0.61	0.0	0.0	0.61	0.61	1	0.44444	0.0	0.0	0.44444	0.44444	1	0.45714	0.0	0.0	0.45714	0.45714	1	0.4507	0.0	0.0	0.4507	0.4507	1	0.67165	0.0	0.0	0.67165	0.67165	1
Estresse	Original	GradientBoosting	grid_best_fold10	0.62	0.0	0.0	0.62	0.62	1	0.475	0.0	0.0	0.475	0.475	1	0.52778	0.0	0.0	0.52778	0.52778	1	0.5	0.0	0.0	0.5	0.5	1	0.68576	0.0	0.0	0.68576	0.68576	1
Estresse	Original	GradientBoosting	grid_best_fold2	0.64	0.0	0.0	0.64	0.64	1	0.4878	0.0	0.0	0.4878	0.4878	1	0.57143	0.0	0.0	0.57143	0.57143	1	0.52632	0.0	0.0	0.52632	0.52632	1	0.69736	0.0	0.0	0.69736	0.69736	1
Estresse	Original	GradientBoosting	grid_best_fold3	0.7	0.0	0.0	0.7	0.7	1	0.6	0.0	0.0	0.6	0.6	1	0.5	0.0	0.0	0.5	0.5	1	0.54545	0.0	0.0	0.54545	0.54545	1	0.77648	0.0	0.0	0.77648	0.77648	1
Estresse	Original	GradientBoosting	grid_best_fold4	0.7	0.0	0.0	0.7	0.7	1	0.625	0.0	0.0	0.625	0.625	1	0.41667	0.0	0.0	0.41667	0.41667	1	0.5	0.0	0.0	0.5	0.5	1	0.74175	0.0	0.0	0.74175	0.74175	1
Estresse	Original	GradientBoosting	grid_best_fold5	0.67	0.0	0.0	0.67	0.67	1	0.54839	0.0	0.0	0.54839	0.54839	1	0.47222	0.0	0.0	0.47222	0.47222	1	0.50746	0.0	0.0	0.50746	0.50746	1	0.71094	0.0	0.0	0.71094	0.71094	1
Estresse	Original	GradientBoosting	grid_best_fold6	0.71	0.0	0.0	0.71	0.71	1	0.65217	0.0	0.0	0.65217	0.65217	1	0.41667	0.0	0.0	0.41667	0.41667	1	0.50847	0.0	0.0	0.50847	0.50847	1	0.77648	0.0	0.0	0.77648	0.77648	1
Estresse	Original	GradientBoosting	grid_best_fold7	0.62	0.0	0.0	0.62	0.62	1	0.47619	0.0	0.0	0.47619	0.47619	1	0.55556	0.0	0.0	0.55556	0.55556	1	0.51282	0.0	0.0	0.51282	0.51282	1	0.67274	0.0	0.0	0.67274	0.67274	1
Estresse	Original	GradientBoosting	grid_best_fold8	0.67	0.0	0.0	0.67	0.67	1	0.54054	0.0	0.0	0.54054	0.54054	1	0.55556	0.0	0.0	0.55556	0.55556	1	0.54795	0.0	0.0	0.54795	0.54795	1	0.73264	0.0	0.0	0.73264	0.73264	1
Estresse	Original	GradientBoosting	grid_best_fold9	0.68	0.0	0.0	0.68	0.68	1	0.55556	0.0	0.0	0.55556	0.55556	1	0.55556	0.0	0.0	0.55556	0.55556	1	0.55556	0.0	0.0	0.55556	0.55556	1	0.74826	0.0	0.0	0.74826	0.74826	1
Estresse	Original	HistGradientBoosting	grid_best_fold1	0.57	0.0	0.0	0.57	0.57	1	0.4	0.0	0.0	0.4	0.4	1	0.45714	0.0	0.0	0.45714	0.45714	1	0.42667	0.0	0.0	0.42667	0.42667	1	0.60923	0.0	0.0	0.60923	0.60923	1
Estresse	Original	HistGradientBoosting	grid_best_fold10	0.61	0.0	0.0	0.61	0.61	1	0.46512	0.0	0.0	0.46512	0.46512	1	0.55556	0.0	0.0	0.55556	0.55556	1	0.50633	0.0	0.0	0.50633	0.50633	1	0.72222	0.0	0.0	0.72222	0.72222	1
Estresse	Original	HistGradientBoosting	grid_best_fold2	0.63	0.0	0.0	0.63	0.63	1	0.475	0.0	0.0	0.475	0.475	1	0.54286	0.0	0.0	0.54286	0.54286	1	0.50667	0.0	0.0	0.50667	0.50667	1	0.69099	0.0	0.0	0.69099	0.69099	1
Estresse	Original	HistGradientBoosting	grid_best_fold3	0.62	0.0	0.0	0.62	0.62	1	0.46875	0.0	0.0	0.46875	0.46875	1	0.41667	0.0	0.0	0.41667	0.41667	1	0.44118	0.0	0.0	0.44118	0.44118	1	0.7322	0.0	0.0	0.7322	0.7322	1
Estresse	Original	HistGradientBoosting	grid_best_fold4	0.62	0.0	0.0	0.62	0.62	1	0.46875	0.0	0.0	0.46875	0.46875	1	0.41667	0.0	0.0	0.41667	0.41667	1	0.44118	0.0	0.0	0.44118	0.44118	1	0.72005	0.0	0.0	0.72005	0.72005	1
Estresse	Original	HistGradientBoosting	grid_best_fold5	0.65	0.0	0.0	0.65	0.65	1	0.51724	0.0	0.0	0.51724	0.51724	1	0.41667	0.0	0.0	0.41667	0.41667	1	0.46154	0.0	0.0	0.46154	0.46154	1	0.73394	0.0	0.0	0.73394	0.73394	1
Estresse	Original	HistGradientBoosting	grid_best_fold6	0.71	0.0	0.0	0.71	0.71	1	0.6129	0.0	0.0	0.6129	0.6129	1	0.52778	0.0	0.0	0.52778	0.52778	1	0.56716	0.0	0.0	0.56716	0.56716	1	0.78863	0.0	0.0	0.78863	0.78863	1
Estresse	Original	HistGradientBoosting	grid_best_fold7	0.65	0.0	0.0	0.65	0.65	1	0.51351	0.0	0.0	0.51351	0.51351	1	0.52778	0.0	0.0	0.52778	0.52778	1	0.52055	0.0	0.0	0.52055	0.52055	1	0.72222	0.0	0.0	0.72222	0.72222	1
Estresse	Original	HistGradientBoosting	grid_best_fold8	0.7	0.0	0.0	0.7	0.7	1	0.56818	0.0	0.0	0.56818	0.56818	1	0.69444	0.0	0.0	0.69444	0.69444	1	0.625	0.0	0.0	0.625	0.625	1	0.73741	0.0	0.0	0.73741	0.73741	1
Estresse	Original	HistGradientBoosting	grid_best_fold9	0.64	0.0	0.0	0.64	0.64	1	0.5	0.0	0.0	0.5	0.5	1	0.41667	0.0	0.0	0.41667	0.41667	1	0.45455	0.0	0.0	0.45455	0.45455	1	0.71832	0.0	0.0	0.71832	0.71832	1
Estresse	Original	KNN	grid_best_fold1	0.62	0.0	0.0	0.62	0.62	1	0.46341	0.0	0.0	0.46341	0.46341	1	0.54286	0.0	0.0	0.54286	0.54286	1	0.5	0.0	0.0	0.5	0.5	1	0.6022	0.0	0.0	0.6022	0.6022	1
Estresse	Original	KNN	grid_best_fold10	0.7	0.0	0.0	0.7	0.7	1	0.60714	0.0	0.0	0.60714	0.60714	1	0.47222	0.0	0.0	0.47222	0.47222	1	0.53125	0.0	0.0	0.53125	0.53125	1	0.65017	0.0	0.0	0.65017	0.65017	1
Estresse	Original	KNN	grid_best_fold2	0.58	0.0	0.0	0.58	0.58	1	0.40541	0.0	0.0	0.40541	0.40541	1	0.42857	0.0	0.0	0.42857	0.42857	1	0.41667	0.0	0.0	0.41667	0.41667	1	0.54505	0.0	0.0	0.54505	0.54505	1
Estresse	Original	KNN	grid_best_fold3	0.65	0.0	0.0	0.65	0.65	1	0.51351	0.0	0.0	0.51351	0.51351	1	0.52778	0.0	0.0	0.52778	0.52778	1	0.52055	0.0	0.0	0.52055	0.52055	1	0.62326	0.0	0.0	0.62326	0.62326	1
Estresse	Original	KNN	grid_best_fold4	0.67	0.0	0.0	0.67	0.67	1	0.56	0.0	0.0	0.56	0.56	1	0.38889	0.0	0.0	0.38889	0.38889	1	0.45902	0.0	0.0	0.45902	0.45902	1	0.60851	0.0	0.0	0.60851	0.60851	1
Estresse	Original	KNN	grid_best_fold5	0.65	0.0	0.0	0.65	0.65	1	0.51613	0.0	0.0	0.51613	0.51613	1	0.44444	0.0	0.0	0.44444	0.44444	1	0.47761	0.0	0.0	0.47761	0.47761	1	0.60503	0.0	0.0	0.60503	0.60503	1
Estresse	Original	KNN	grid_best_fold6	0.7	0.0	0.0	0.7	0.7	1	0.6	0.0	0.0	0.6	0.6	1	0.5	0.0	0.0	0.5	0.5	1	0.54545	0.0	0.0	0.54545	0.54545	1	0.65625	0.0	0.0	0.65625	0.65625	1
Estresse	Original	KNN	grid_best_fold7	0.54	0.0	0.0	0.54	0.54	1	0.35294	0.0	0.0	0.35294	0.35294	1	0.33333	0.0	0.0	0.33333	0.33333	1	0.34286	0.0	0.0	0.34286	0.34286	1	0.59896	0.0	0.0	0.59896	0.59896	1
Estresse	Original	KNN	grid_best_fold8	0.63	0.0	0.0	0.63	0.63	1	0.48718	0.0	0.0	0.48718	0.48718	1	0.52778	0.0	0.0	0.52778	0.52778	1	0.50667	0.0	0.0	0.50667	0.50667	1	0.60764	0.0	0.0	0.60764	0.60764	1
Estresse	Original	KNN	grid_best_fold9	0.57	0.0	0.0	0.57	0.57	1	0.37037	0.0	0.0	0.37037	0.37037	1	0.27778	0.0	0.0	0.27778	0.27778	1	0.31746	0.0	0.0	0.31746	0.31746	1	0.65799	0.0	0.0	0.65799	0.65799	1
Estresse	Original	LR	grid_best_fold1	0.61	0.0	0.0	0.61	0.61	1	0.44118	0.0	0.0	0.44118	0.44118	1	0.42857	0.0	0.0	0.42857	0.42857	1	0.43478	0.0	0.0	0.43478	0.43478	1	0.7033	0.0	0.0	0.7033	0.7033	1
Estresse	Original	LR	grid_best_fold10	0.63	0.0	0.0	0.63	0.63	1	0.48387	0.0	0.0	0.48387	0.48387	1	0.41667	0.0	0.0	0.41667	0.41667	1	0.44776	0.0	0.0	0.44776	0.44776	1	0.7053	0.0	0.0	0.7053	0.7053	1
Estresse	Original	LR	grid_best_fold2	0.61	0.0	0.0	0.61	0.61	1	0.45238	0.0	0.0	0.45238	0.45238	1	0.54286	0.0	0.0	0.54286	0.54286	1	0.49351	0.0	0.0	0.49351	0.49351	1	0.69582	0.0	0.0	0.69582	0.69582	1
Estresse	Original	LR	grid_best_fold3	0.62	0.0	0.0	0.62	0.62	1	0.47059	0.0	0.0	0.47059	0.47059	1	0.44444	0.0	0.0	0.44444	0.44444	1	0.45714	0.0	0.0	0.45714	0.45714	1	0.71918	0.0	0.0	0.71918	0.71918	1
Estresse	Original	LR	grid_best_fold4	0.67	0.0	0.0	0.67	0.67	1	0.55172	0.0	0.0	0.55172	0.55172	1	0.44444	0.0	0.0	0.44444	0.44444	1	0.49231	0.0	0.0	0.49231	0.49231	1	0.77778	0.0	0.0	0.77778	0.77778	1
Estresse	Original	LR	grid_best_fold5	0.63	0.0	0.0	0.63	0.63	1	0.48387	0.0	0.0	0.48387	0.48387	1	0.41667	0.0	0.0	0.41667	0.41667	1	0.44776	0.0	0.0	0.44776	0.44776	1	0.73047	0.0	0.0	0.73047	0.73047	1
Estresse	Original	LR	grid_best_fold6	0.63	0.0	0.0	0.63	0.63	1	0.47826	0.0	0.0	0.47826	0.47826	1	0.30556	0.0	0.0	0.30556	0.30556	1	0.37288	0.0	0.0	0.37288	0.37288	1	0.79253	0.0	0.0	0.79253	0.79253	1
Estresse	Original	LR	grid_best_fold7	0.57	0.0	0.0	0.57	0.57	1	0.39394	0.0	0.0	0.39394	0.39394	1	0.36111	0.0	0.0	0.36111	0.36111	1	0.37681	0.0	0.0	0.37681	0.37681	1	0.63281	0.0	0.0	0.63281	0.63281	1
Estresse	Original	LR	grid_best_fold8	0.69	0.0	0.0	0.69	0.69	1	0.5641	0.0	0.0	0.5641	0.5641	1	0.61111	0.0	0.0	0.61111	0.61111	1	0.58667	0.0	0.0	0.58667	0.58667	1	0.74002	0.0	0.0	0.74002	0.74002	1
Estresse	Original	LR	grid_best_fold9	0.68	0.0	0.0	0.68	0.68	1	0.57692	0.0	0.0	0.57692	0.57692	1	0.41667	0.0	0.0	0.41667	0.41667	1	0.48387	0.0	0.0	0.48387	0.48387	1	0.75564	0.0	0.0	0.75564	0.75564	1
Estresse	Original	RF	grid_best_fold1	0.55	0.0	0.0	0.55	0.55	1	0.375	0.0	0.0	0.375	0.375	1	0.42857	0.0	0.0	0.42857	0.42857	1	0.4	0.0	0.0	0.4	0.4	1	0.63473	0.0	0.0	0.63473	0.63473	1
Estresse	Original	RF	grid_best_fold10	0.65	0.0	0.0	0.65	0.65	1	0.5122	0.0	0.0	0.5122	0.5122	1	0.58333	0.0	0.0	0.58333	0.58333	1	0.54545	0.0	0.0	0.54545	0.54545	1	0.72548	0.0	0.0	0.72548	0.72548	1
Estresse	Original	RF	grid_best_fold2	0.64	0.0	0.0	0.64	0.64	1	0.48718	0.0	0.0	0.48718	0.48718	1	0.54286	0.0	0.0	0.54286	0.54286	1	0.51351	0.0	0.0	0.51351	0.51351	1	0.6589	0.0	0.0	0.6589	0.6589	1
Estresse	Original	RF	grid_best_fold3	0.7	0.0	0.0	0.7	0.7	1	0.60714	0.0	0.0	0.60714	0.60714	1	0.47222	0.0	0.0	0.47222	0.47222	1	0.53125	0.0	0.0	0.53125	0.53125	1	0.79774	0.0	0.0	0.79774	0.79774	1
Estresse	Original	RF	grid_best_fold4	0.68	0.0	0.0	0.68	0.68	1	0.57143	0.0	0.0	0.57143	0.57143	1	0.44444	0.0	0.0	0.44444	0.44444	1	0.5	0.0	0.0	0.5	0.5	1	0.78255	0.0	0.0	0.78255	0.78255	1
Estresse	Original	RF	grid_best_fold5	0.64	0.0	0.0	0.64	0.64	1	0.5	0.0	0.0	0.5	0.5	1	0.41667	0.0	0.0	0.41667	0.41667	1	0.45455	0.0	0.0	0.45455	0.45455	1	0.73676	0.0	0.0	0.73676	0.73676	1
Estresse	Original	RF	grid_best_fold6	0.69	0.0	0.0	0.69	0.69	1	0.6	0.0	0.0	0.6	0.6	1	0.41667	0.0	0.0	0.41667	0.41667	1	0.4918	0.0	0.0	0.4918	0.4918	1	0.78168	0.0	0.0	0.78168	0.78168	1
Estresse	Original	RF	grid_best_fold7	0.56	0.0	0.0	0.56	0.56	1	0.39474	0.0	0.0	0.39474	0.39474	1	0.41667	0.0	0.0	0.41667	0.41667	1	0.40541	0.0	0.0	0.40541	0.40541	1	0.6365	0.0	0.0	0.6365	0.6365	1
Estresse	Original	RF	grid_best_fold8	0.71	0.0	0.0	0.71	0.71	1	0.58537	0.0	0.0	0.58537	0.58537	1	0.66667	0.0	0.0	0.66667	0.66667	1	0.62338	0.0	0.0	0.62338	0.62338	1	0.7474	0.0	0.0	0.7474	0.7474	1
Estresse	Original	RF	grid_best_fold9	0.7	0.0	0.0	0.7	0.7	1	0.59375	0.0	0.0	0.59375	0.59375	1	0.52778	0.0	0.0	0.52778	0.52778	1	0.55882	0.0	0.0	0.55882	0.55882	1	0.73524	0.0	0.0	0.73524	0.73524	1
Estresse	Original	SVC	grid_best_fold1	0.69	0.0	0.0	0.69	0.69	1	0.56667	0.0	0.0	0.56667	0.56667	1	0.48571	0.0	0.0	0.48571	0.48571	1	0.52308	0.0	0.0	0.52308	0.52308	1	0.71736	0.0	0.0	0.71736	0.71736	1
Estresse	Original	SVC	grid_best_fold10	0.66	0.0	0.0	0.66	0.66	1	0.53571	0.0	0.0	0.53571	0.53571	1	0.41667	0.0	0.0	0.41667	0.41667	1	0.46875	0.0	0.0	0.46875	0.46875	1	0.72678	0.0	0.0	0.72678	0.72678	1
Estresse	Original	SVC	grid_best_fold2	0.61	0.0	0.0	0.61	0.61	1	0.44737	0.0	0.0	0.44737	0.44737	1	0.48571	0.0	0.0	0.48571	0.48571	1	0.46575	0.0	0.0	0.46575	0.46575	1	0.66176	0.0	0.0	0.66176	0.66176	1
Estresse	Original	SVC	grid_best_fold3	0.65	0.0	0.0	0.65	0.65	1	0.51515	0.0	0.0	0.51515	0.51515	1	0.47222	0.0	0.0	0.47222	0.47222	1	0.49275	0.0	0.0	0.49275	0.49275	1	0.72873	0.0	0.0	0.72873	0.72873	1
Estresse	Original	SVC	grid_best_fold4	0.7	0.0	0.0	0.7	0.7	1	0.61538	0.0	0.0	0.61538	0.61538	1	0.44444	0.0	0.0	0.44444	0.44444	1	0.51613	0.0	0.0	0.51613	0.51613	1	0.76953	0.0	0.0	0.76953	0.76953	1
Estresse	Original	SVC	grid_best_fold5	0.63	0.0	0.0	0.63	0.63	1	0.48571	0.0	0.0	0.48571	0.48571	1	0.47222	0.0	0.0	0.47222	0.47222	1	0.47887	0.0	0.0	0.47887	0.47887	1	0.70942	0.0	0.0	0.70942	0.70942	1
Estresse	Original	SVC	grid_best_fold6	0.67	0.0	0.0	0.67	0.67	1	0.56522	0.0	0.0	0.56522	0.56522	1	0.36111	0.0	0.0	0.36111	0.36111	1	0.44068	0.0	0.0	0.44068	0.44068	1	0.78212	0.0	0.0	0.78212	0.78212	1
Estresse	Original	SVC	grid_best_fold7	0.57	0.0	0.0	0.57	0.57	1	0.37931	0.0	0.0	0.37931	0.37931	1	0.30556	0.0	0.0	0.30556	0.30556	1	0.33846	0.0	0.0	0.33846	0.33846	1	0.64605	0.0	0.0	0.64605	0.64605	1
Estresse	Original	SVC	grid_best_fold8	0.69	0.0	0.0	0.69	0.69	1	0.57576	0.0	0.0	0.57576	0.57576	1	0.52778	0.0	0.0	0.52778	0.52778	1	0.55072	0.0	0.0	0.55072	0.55072	1	0.7513	0.0	0.0	0.7513	0.7513	1
Estresse	Original	SVC	grid_best_fold9	0.68	0.0	0.0	0.68	0.68	1	0.57692	0.0	0.0	0.57692	0.57692	1	0.41667	0.0	0.0	0.41667	0.41667	1	0.48387	0.0	0.0	0.48387	0.48387	1	0.72678	0.0	0.0	0.72678	0.72678	1
Forma	Original	AdaBoost	grid_best_fold1	0.67	0.0	0.0	0.67	0.67	1	0.52632	0.0	0.0	0.52632	0.52632	1	0.57143	0.0	0.0	0.57143	0.57143	1	0.54795	0.0	0.0	0.54795	0.54795	1	0.71604	0.0	0.0	0.71604	0.71604	1
Forma	Original	AdaBoost	grid_best_fold10	0.67	0.0	0.0	0.67	0.67	1	0.54054	0.0	0.0	0.54054	0.54054	1	0.55556	0.0	0.0	0.55556	0.55556	1	0.54795	0.0	0.0	0.54795	0.54795	1	0.73828	0.0	0.0	0.73828	0.73828	1
Forma	Original	AdaBoost	grid_best_fold2	0.63	0.0	0.0	0.63	0.63	1	0.47619	0.0	0.0	0.47619	0.47619	1	0.57143	0.0	0.0	0.57143	0.57143	1	0.51948	0.0	0.0	0.51948	0.51948	1	0.69187	0.0	0.0	0.69187	0.69187	1
Forma	Original	AdaBoost	grid_best_fold3	0.68	0.0	0.0	0.68	0.68	1	0.56667	0.0	0.0	0.56667	0.56667	1	0.47222	0.0	0.0	0.47222	0.47222	1	0.51515	0.0	0.0	0.51515	0.51515	1	0.73307	0.0	0.0	0.73307	0.73307	1
Forma	Original	AdaBoost	grid_best_fold4	0.63	0.0	0.0	0.63	0.63	1	0.47826	0.0	0.0	0.47826	0.47826	1	0.30556	0.0	0.0	0.30556	0.30556	1	0.37288	0.0	0.0	0.37288	0.37288	1	0.71289	0.0	0.0	0.71289	0.71289	1
Forma	Original	AdaBoost	grid_best_fold5	0.62	0.0	0.0	0.62	0.62	1	0.46875	0.0	0.0	0.46875	0.46875	1	0.41667	0.0	0.0	0.41667	0.41667	1	0.44118	0.0	0.0	0.44118	0.44118	1	0.71615	0.0	0.0	0.71615	0.71615	1
Forma	Original	AdaBoost	grid_best_fold6	0.56	0.0	0.0	0.56	0.56	1	0.36667	0.0	0.0	0.36667	0.36667	1	0.30556	0.0	0.0	0.30556	0.30556	1	0.33333	0.0	0.0	0.33333	0.33333	1	0.69401	0.0	0.0	0.69401	0.69401	1
Forma	Original	AdaBoost	grid_best_fold7	0.61	0.0	0.0	0.61	0.61	1	0.46154	0.0	0.0	0.46154	0.46154	1	0.5	0.0	0.0	0.5	0.5	1	0.48	0.0	0.0	0.48	0.48	1	0.69444	0.0	0.0	0.69444	0.69444	1
Forma	Original	AdaBoost	grid_best_fold8	0.62	0.0	0.0	0.62	0.62	1	0.47619	0.0	0.0	0.47619	0.47619	1	0.55556	0.0	0.0	0.55556	0.55556	1	0.51282	0.0	0.0	0.51282	0.51282	1	0.6658	0.0	0.0	0.6658	0.6658	1
Forma	Original	AdaBoost	grid_best_fold9	0.65	0.0	0.0	0.65	0.65	1	0.5122	0.0	0.0	0.5122	0.5122	1	0.58333	0.0	0.0	0.58333	0.58333	1	0.54545	0.0	0.0	0.54545	0.54545	1	0.71701	0.0	0.0	0.71701	0.71701	1
Forma	Original	DT	grid_best_fold1	0.68	0.0	0.0	0.68	0.68	1	0.54286	0.0	0.0	0.54286	0.54286	1	0.54286	0.0	0.0	0.54286	0.54286	1	0.54286	0.0	0.0	0.54286	0.54286	1	0.67297	0.0	0.0	0.67297	0.67297	1
Forma	Original	DT	grid_best_fold10	0.6	0.0	0.0	0.6	0.6	1	0.38889	0.0	0.0	0.38889	0.38889	1	0.19444	0.0	0.0	0.19444	0.19444	1	0.25926	0.0	0.0	0.25926	0.25926	1	0.67339	0.0	0.0	0.67339	0.67339	1
Forma	Original	DT	grid_best_fold2	0.52	0.0	0.0	0.52	0.52	1	0.41333	0.0	0.0	0.41333	0.41333	1	0.88571	0.0	0.0	0.88571	0.88571	1	0.56364	0.0	0.0	0.56364	0.56364	1	0.60835	0.0	0.0	0.60835	0.60835	1
Forma	Original	DT	grid_best_fold3	0.69	0.0	0.0	0.69	0.69	1	0.6	0.0	0.0	0.6	0.6	1	0.41667	0.0	0.0	0.41667	0.41667	1	0.4918	0.0	0.0	0.4918	0.4918	1	0.6224	0.0	0.0	0.6224	0.6224	1
Forma	Original	DT	grid_best_fold4	0.63	0.0	0.0	0.63	0.63	1	0.48387	0.0	0.0	0.48387	0.48387	1	0.41667	0.0	0.0	0.41667	0.41667	1	0.44776	0.0	0.0	0.44776	0.44776	1	0.57986	0.0	0.0	0.57986	0.57986	1
Forma	Original	DT	grid_best_fold5	0.64	0.0	0.0	0.64	0.64	1	0.5	0.0	0.0	0.5	0.5	1	0.47222	0.0	0.0	0.47222	0.47222	1	0.48571	0.0	0.0	0.48571	0.48571	1	0.6033	0.0	0.0	0.6033	0.6033	1
Forma	Original	DT	grid_best_fold6	0.68	0.0	0.0	0.68	0.68	1	0.57692	0.0	0.0	0.57692	0.57692	1	0.41667	0.0	0.0	0.41667	0.41667	1	0.48387	0.0	0.0	0.48387	0.48387	1	0.6224	0.0	0.0	0.6224	0.6224	1
Forma	Original	DT	grid_best_fold7	0.6	0.0	0.0	0.6	0.6	1	0.44444	0.0	0.0	0.44444	0.44444	1	0.44444	0.0	0.0	0.44444	0.44444	1	0.44444	0.0	0.0	0.44444	0.44444	1	0.56597	0.0	0.0	0.56597	0.56597	1
Forma	Original	DT	grid_best_fold8	0.7	0.0	0.0	0.7	0.7	1	0.575	0.0	0.0	0.575	0.575	1	0.63889	0.0	0.0	0.63889	0.63889	1	0.60526	0.0	0.0	0.60526	0.60526	1	0.75825	0.0	0.0	0.75825	0.75825	1
Forma	Original	DT	grid_best_fold9	0.69	0.0	0.0	0.69	0.69	1	0.57143	0.0	0.0	0.57143	0.57143	1	0.55556	0.0	0.0	0.55556	0.55556	1	0.56338	0.0	0.0	0.56338	0.56338	1	0.66059	0.0	0.0	0.66059	0.66059	1
Forma	Original	ExtraTrees	grid_best_fold1	0.62	0.0	0.0	0.62	0.62	1	0.46341	0.0	0.0	0.46341	0.46341	1	0.54286	0.0	0.0	0.54286	0.54286	1	0.5	0.0	0.0	0.5	0.5	1	0.65187	0.0	0.0	0.65187	0.65187	1
Forma	Original	ExtraTrees	grid_best_fold10	0.64	0.0	0.0	0.64	0.64	1	0.5	0.0	0.0	0.5	0.5	1	0.5	0.0	0.0	0.5	0.5	1	0.5	0.0	0.0	0.5	0.5	1	0.71615	0.0	0.0	0.71615	0.71615	1
Forma	Original	ExtraTrees	grid_best_fold2	0.69	0.0	0.0	0.69	0.69	1	0.55263	0.0	0.0	0.55263	0.55263	1	0.6	0.0	0.0	0.6	0.6	1	0.57534	0.0	0.0	0.57534	0.57534	1	0.70374	0.0	0.0	0.70374	0.70374	1
Forma	Original	ExtraTrees	grid_best_fold3	0.71	0.0	0.0	0.71	0.71	1	0.6129	0.0	0.0	0.6129	0.6129	1	0.52778	0.0	0.0	0.52778	0.52778	1	0.56716	0.0	0.0	0.56716	0.56716	1	0.80425	0.0	0.0	0.80425	0.80425	1
Forma	Original	ExtraTrees	grid_best_fold4	0.65	0.0	0.0	0.65	0.65	1	0.51613	0.0	0.0	0.51613	0.51613	1	0.44444	0.0	0.0	0.44444	0.44444	1	0.47761	0.0	0.0	0.47761	0.47761	1	0.74566	0.0	0.0	0.74566	0.74566	1
Forma	Original	ExtraTrees	grid_best_fold5	0.65	0.0	0.0	0.65	0.65	1	0.51515	0.0	0.0	0.51515	0.51515	1	0.47222	0.0	0.0	0.47222	0.47222	1	0.49275	0.0	0.0	0.49275	0.49275	1	0.75955	0.0	0.0	0.75955	0.75955	1
Forma	Original	ExtraTrees	grid_best_fold6	0.64	0.0	0.0	0.64	0.64	1	0.5	0.0	0.0	0.5	0.5	1	0.36111	0.0	0.0	0.36111	0.36111	1	0.41935	0.0	0.0	0.41935	0.41935	1	0.73025	0.0	0.0	0.73025	0.73025	1
Forma	Original	ExtraTrees	grid_best_fold7	0.67	0.0	0.0	0.67	0.67	1	0.55172	0.0	0.0	0.55172	0.55172	1	0.44444	0.0	0.0	0.44444	0.44444	1	0.49231	0.0	0.0	0.49231	0.49231	1	0.7053	0.0	0.0	0.7053	0.7053	1
Forma	Original	ExtraTrees	grid_best_fold8	0.65	0.0	0.0	0.65	0.65	1	0.51163	0.0	0.0	0.51163	0.51163	1	0.61111	0.0	0.0	0.61111	0.61111	1	0.55696	0.0	0.0	0.55696	0.55696	1	0.74957	0.0	0.0	0.74957	0.74957	1
Forma	Original	ExtraTrees	grid_best_fold9	0.67	0.0	0.0	0.67	0.67	1	0.53488	0.0	0.0	0.53488	0.53488	1	0.63889	0.0	0.0	0.63889	0.63889	1	0.58228	0.0	0.0	0.58228	0.58228	1	0.75022	0.0	0.0	0.75022	0.75022	1
Forma	Original	GaussianNB	grid_best_fold1	0.52	0.0	0.0	0.52	0.52	1	0.42169	0.0	0.0	0.42169	0.42169	1	1.0	0.0	0.0	1.0	1.0	1	0.59322	0.0	0.0	0.59322	0.59322	1	0.63846	0.0	0.0	0.63846	0.63846	1
Forma	Original	GaussianNB	grid_best_fold10	0.58	0.0	0.0	0.58	0.58	1	0.46154	0.0	0.0	0.46154	0.46154	1	1.0	0.0	0.0	1.0	1.0	1	0.63158	0.0	0.0	0.63158	0.63158	1	0.67969	0.0	0.0	0.67969	0.67969	1
Forma	Original	GaussianNB	grid_best_fold2	0.52	0.0	0.0	0.52	0.52	1	0.42169	0.0	0.0	0.42169	0.42169	1	1.0	0.0	0.0	1.0	1.0	1	0.59322	0.0	0.0	0.59322	0.59322	1	0.65099	0.0	0.0	0.65099	0.65099	1
Forma	Original	GaussianNB	grid_best_fold3	0.62	0.0	0.0	0.62	0.62	1	0.48649	0.0	0.0	0.48649	0.48649	1	1.0	0.0	0.0	1.0	1.0	1	0.65455	0.0	0.0	0.65455	0.65455	1	0.7105	0.0	0.0	0.7105	0.7105	1
Forma	Original	GaussianNB	grid_best_fold4	0.65	0.0	0.0	0.65	0.65	1	0.50704	0.0	0.0	0.50704	0.50704	1	1.0	0.0	0.0	1.0	1.0	1	0.6729	0.0	0.0	0.6729	0.6729	1	0.71897	0.0	0.0	0.71897	0.71897	1
Forma	Original	GaussianNB	grid_best_fold5	0.65	0.0	0.0	0.65	0.65	1	0.50704	0.0	0.0	0.50704	0.50704	1	1.0	0.0	0.0	1.0	1.0	1	0.6729	0.0	0.0	0.6729	0.6729	1	0.75	0.0	0.0	0.75	0.75	1
Forma	Original	GaussianNB	grid_best_fold6	0.67	0.0	0.0	0.67	0.67	1	0.52174	0.0	0.0	0.52174	0.52174	1	1.0	0.0	0.0	1.0	1.0	1	0.68571	0.0	0.0	0.68571	0.68571	1	0.7372	0.0	0.0	0.7372	0.7372	1
Forma	Original	GaussianNB	grid_best_fold7	0.59	0.0	0.0	0.59	0.59	1	0.46753	0.0	0.0	0.46753	0.46753	1	1.0	0.0	0.0	1.0	1.0	1	0.63717	0.0	0.0	0.63717	0.63717	1	0.67079	0.0	0.0	0.67079	0.67079	1
Forma	Original	GaussianNB	grid_best_fold8	0.56	0.0	0.0	0.56	0.56	1	0.44737	0.0	0.0	0.44737	0.44737	1	0.94444	0.0	0.0	0.94444	0.94444	1	0.60714	0.0	0.0	0.60714	0.60714	1	0.65017	0.0	0.0	0.65017	0.65017	1
Forma	Original	GaussianNB	grid_best_fold9	0.59	0.0	0.0	0.59	0.59	1	0.46753	0.0	0.0	0.46753	0.46753	1	1.0	0.0	0.0	1.0	1.0	1	0.63717	0.0	0.0	0.63717	0.63717	1	0.68424	0.0	0.0	0.68424	0.68424	1
Forma	Original	GradientBoosting	grid_best_fold1	0.6	0.0	0.0	0.6	0.6	1	0.43243	0.0	0.0	0.43243	0.43243	1	0.45714	0.0	0.0	0.45714	0.45714	1	0.44444	0.0	0.0	0.44444	0.44444	1	0.66022	0.0	0.0	0.66022	0.66022	1
Forma	Original	GradientBoosting	grid_best_fold10	0.56	0.0	0.0	0.56	0.56	1	0.375	0.0	0.0	0.375	0.375	1	0.33333	0.0	0.0	0.33333	0.33333	1	0.35294	0.0	0.0	0.35294	0.35294	1	0.63889	0.0	0.0	0.63889	0.63889	1
Forma	Original	GradientBoosting	grid_best_fold2	0.64	0.0	0.0	0.64	0.64	1	0.48571	0.0	0.0	0.48571	0.48571	1	0.48571	0.0	0.0	0.48571	0.48571	1	0.48571	0.0	0.0	0.48571	0.48571	1	0.69143	0.0	0.0	0.69143	0.69143	1
Forma	Original	GradientBoosting	grid_best_fold3	0.65	0.0	0.0	0.65	0.65	1	0.52381	0.0	0.0	0.52381	0.52381	1	0.30556	0.0	0.0	0.30556	0.30556	1	0.38596	0.0	0.0	0.38596	0.38596	1	0.73741	0.0	0.0	0.73741	0.73741	1
Forma	Original	GradientBoosting	grid_best_fold4	0.65	0.0	0.0	0.65	0.65	1	0.52174	0.0	0.0	0.52174	0.52174	1	0.33333	0.0	0.0	0.33333	0.33333	1	0.40678	0.0	0.0	0.40678	0.40678	1	0.73524	0.0	0.0	0.73524	0.73524	1
Forma	Original	GradientBoosting	grid_best_fold5	0.63	0.0	0.0	0.63	0.63	1	0.48387	0.0	0.0	0.48387	0.48387	1	0.41667	0.0	0.0	0.41667	0.41667	1	0.44776	0.0	0.0	0.44776	0.44776	1	0.71962	0.0	0.0	0.71962	0.71962	1
Forma	Original	GradientBoosting	grid_best_fold6	0.63	0.0	0.0	0.63	0.63	1	0.48	0.0	0.0	0.48	0.48	1	0.33333	0.0	0.0	0.33333	0.33333	1	0.39344	0.0	0.0	0.39344	0.39344	1	0.72743	0.0	0.0	0.72743	0.72743	1
Forma	Original	GradientBoosting	grid_best_fold7	0.63	0.0	0.0	0.63	0.63	1	0.48485	0.0	0.0	0.48485	0.48485	1	0.44444	0.0	0.0	0.44444	0.44444	1	0.46377	0.0	0.0	0.46377	0.46377	1	0.67231	0.0	0.0	0.67231	0.67231	1
Forma	Original	GradientBoosting	grid_best_fold8	0.62	0.0	0.0	0.62	0.62	1	0.47917	0.0	0.0	0.47917	0.47917	1	0.63889	0.0	0.0	0.63889	0.63889	1	0.54762	0.0	0.0	0.54762	0.54762	1	0.73524	0.0	0.0	0.73524	0.73524	1
Forma	Original	GradientBoosting	grid_best_fold9	0.68	0.0	0.0	0.68	0.68	1	0.55	0.0	0.0	0.55	0.55	1	0.61111	0.0	0.0	0.61111	0.61111	1	0.57895	0.0	0.0	0.57895	0.57895	1	0.75781	0.0	0.0	0.75781	0.75781	1
Forma	Original	HistGradientBoosting	grid_best_fold1	0.61	0.0	0.0	0.61	0.61	1	0.44118	0.0	0.0	0.44118	0.44118	1	0.42857	0.0	0.0	0.42857	0.42857	1	0.43478	0.0	0.0	0.43478	0.43478	1	0.69011	0.0	0.0	0.69011	0.69011	1
Forma	Original	HistGradientBoosting	grid_best_fold10	0.62	0.0	0.0	0.62	0.62	1	0.47368	0.0	0.0	0.47368	0.47368	1	0.5	0.0	0.0	0.5	0.5	1	0.48649	0.0	0.0	0.48649	0.48649	1	0.69575	0.0	0.0	0.69575	0.69575	1
Forma	Original	HistGradientBoosting	grid_best_fold2	0.67	0.0	0.0	0.67	0.67	1	0.52381	0.0	0.0	0.52381	0.52381	1	0.62857	0.0	0.0	0.62857	0.62857	1	0.57143	0.0	0.0	0.57143	0.57143	1	0.71429	0.0	0.0	0.71429	0.71429	1
Forma	Original	HistGradientBoosting	grid_best_fold3	0.64	0.0	0.0	0.64	0.64	1	0.5	0.0	0.0	0.5	0.5	1	0.36111	0.0	0.0	0.36111	0.36111	1	0.41935	0.0	0.0	0.41935	0.41935	1	0.73915	0.0	0.0	0.73915	0.73915	1
Forma	Original	HistGradientBoosting	grid_best_fold4	0.68	0.0	0.0	0.68	0.68	1	0.59091	0.0	0.0	0.59091	0.59091	1	0.36111	0.0	0.0	0.36111	0.36111	1	0.44828	0.0	0.0	0.44828	0.44828	1	0.77387	0.0	0.0	0.77387	0.77387	1
Forma	Original	HistGradientBoosting	grid_best_fold5	0.68	0.0	0.0	0.68	0.68	1	0.55882	0.0	0.0	0.55882	0.55882	1	0.52778	0.0	0.0	0.52778	0.52778	1	0.54286	0.0	0.0	0.54286	0.54286	1	0.7474	0.0	0.0	0.7474	0.7474	1
Forma	Original	HistGradientBoosting	grid_best_fold6	0.57	0.0	0.0	0.57	0.57	1	0.36	0.0	0.0	0.36	0.36	1	0.25	0.0	0.0	0.25	0.25	1	0.29508	0.0	0.0	0.29508	0.29508	1	0.7079	0.0	0.0	0.7079	0.7079	1
Forma	Original	HistGradientBoosting	grid_best_fold7	0.72	0.0	0.0	0.72	0.72	1	0.625	0.0	0.0	0.625	0.625	1	0.55556	0.0	0.0	0.55556	0.55556	1	0.58824	0.0	0.0	0.58824	0.58824	1	0.75	0.0	0.0	0.75	0.75	1
Forma	Original	HistGradientBoosting	grid_best_fold8	0.65	0.0	0.0	0.65	0.65	1	0.51282	0.0	0.0	0.51282	0.51282	1	0.55556	0.0	0.0	0.55556	0.55556	1	0.53333	0.0	0.0	0.53333	0.53333	1	0.71701	0.0	0.0	0.71701	0.71701	1
Forma	Original	HistGradientBoosting	grid_best_fold9	0.63	0.0	0.0	0.63	0.63	1	0.4878	0.0	0.0	0.4878	0.4878	1	0.55556	0.0	0.0	0.55556	0.55556	1	0.51948	0.0	0.0	0.51948	0.51948	1	0.71007	0.0	0.0	0.71007	0.71007	1
Forma	Original	KNN	grid_best_fold1	0.63	0.0	0.0	0.63	0.63	1	0.475	0.0	0.0	0.475	0.475	1	0.54286	0.0	0.0	0.54286	0.54286	1	0.50667	0.0	0.0	0.50667	0.50667	1	0.60989	0.0	0.0	0.60989	0.60989	1
Forma	Original	KNN	grid_best_fold10	0.66	0.0	0.0	0.66	0.66	1	0.525	0.0	0.0	0.525	0.525	1	0.58333	0.0	0.0	0.58333	0.58333	1	0.55263	0.0	0.0	0.55263	0.55263	1	0.64323	0.0	0.0	0.64323	0.64323	1
Forma	Original	KNN	grid_best_fold2	0.65	0.0	0.0	0.65	0.65	1	0.5	0.0	0.0	0.5	0.5	1	0.45714	0.0	0.0	0.45714	0.45714	1	0.47761	0.0	0.0	0.47761	0.47761	1	0.60549	0.0	0.0	0.60549	0.60549	1
Forma	Original	KNN	grid_best_fold3	0.7	0.0	0.0	0.7	0.7	1	0.58824	0.0	0.0	0.58824	0.58824	1	0.55556	0.0	0.0	0.55556	0.55556	1	0.57143	0.0	0.0	0.57143	0.57143	1	0.76714	0.0	0.0	0.76714	0.76714	1
Forma	Original	KNN	grid_best_fold4	0.62	0.0	0.0	0.62	0.62	1	0.45455	0.0	0.0	0.45455	0.45455	1	0.27778	0.0	0.0	0.27778	0.27778	1	0.34483	0.0	0.0	0.34483	0.34483	1	0.67383	0.0	0.0	0.67383	0.67383	1
Forma	Original	KNN	grid_best_fold5	0.63	0.0	0.0	0.63	0.63	1	0.48649	0.0	0.0	0.48649	0.48649	1	0.5	0.0	0.0	0.5	0.5	1	0.49315	0.0	0.0	0.49315	0.49315	1	0.68294	0.0	0.0	0.68294	0.68294	1
Forma	Original	KNN	grid_best_fold6	0.62	0.0	0.0	0.62	0.62	1	0.46429	0.0	0.0	0.46429	0.46429	1	0.36111	0.0	0.0	0.36111	0.36111	1	0.40625	0.0	0.0	0.40625	0.40625	1	0.56337	0.0	0.0	0.56337	0.56337	1
Forma	Original	KNN	grid_best_fold7	0.63	0.0	0.0	0.63	0.63	1	0.4878	0.0	0.0	0.4878	0.4878	1	0.55556	0.0	0.0	0.55556	0.55556	1	0.51948	0.0	0.0	0.51948	0.51948	1	0.61372	0.0	0.0	0.61372	0.61372	1
Forma	Original	KNN	grid_best_fold8	0.63	0.0	0.0	0.63	0.63	1	0.4878	0.0	0.0	0.4878	0.4878	1	0.55556	0.0	0.0	0.55556	0.55556	1	0.51948	0.0	0.0	0.51948	0.51948	1	0.61372	0.0	0.0	0.61372	0.61372	1
Forma	Original	KNN	grid_best_fold9	0.65	0.0	0.0	0.65	0.65	1	0.51163	0.0	0.0	0.51163	0.51163	1	0.61111	0.0	0.0	0.61111	0.61111	1	0.55696	0.0	0.0	0.55696	0.55696	1	0.64149	0.0	0.0	0.64149	0.64149	1
Forma	Original	LR	grid_best_fold1	0.68	0.0	0.0	0.68	0.68	1	0.54054	0.0	0.0	0.54054	0.54054	1	0.57143	0.0	0.0	0.57143	0.57143	1	0.55556	0.0	0.0	0.55556	0.55556	1	0.71648	0.0	0.0	0.71648	0.71648	1
Forma	Original	LR	grid_best_fold10	0.64	0.0	0.0	0.64	0.64	1	0.5	0.0	0.0	0.5	0.5	1	0.5	0.0	0.0	0.5	0.5	1	0.5	0.0	0.0	0.5	0.5	1	0.68533	0.0	0.0	0.68533	0.68533	1
Forma	Original	LR	grid_best_fold2	0.68	0.0	0.0	0.68	0.68	1	0.53659	0.0	0.0	0.53659	0.53659	1	0.62857	0.0	0.0	0.62857	0.62857	1	0.57895	0.0	0.0	0.57895	0.57895	1	0.73495	0.0	0.0	0.73495	0.73495	1
Forma	Original	LR	grid_best_fold3	0.63	0.0	0.0	0.63	0.63	1	0.48485	0.0	0.0	0.48485	0.48485	1	0.44444	0.0	0.0	0.44444	0.44444	1	0.46377	0.0	0.0	0.46377	0.46377	1	0.71441	0.0	0.0	0.71441	0.71441	1
Forma	Original	LR	grid_best_fold4	0.64	0.0	0.0	0.64	0.64	1	0.5	0.0	0.0	0.5	0.5	1	0.38889	0.0	0.0	0.38889	0.38889	1	0.4375	0.0	0.0	0.4375	0.4375	1	0.74609	0.0	0.0	0.74609	0.74609	1
Forma	Original	LR	grid_best_fold5	0.61	0.0	0.0	0.61	0.61	1	0.44828	0.0	0.0	0.44828	0.44828	1	0.36111	0.0	0.0	0.36111	0.36111	1	0.4	0.0	0.0	0.4	0.4	1	0.70443	0.0	0.0	0.70443	0.70443	1
Forma	Original	LR	grid_best_fold6	0.64	0.0	0.0	0.64	0.64	1	0.5	0.0	0.0	0.5	0.5	1	0.41667	0.0	0.0	0.41667	0.41667	1	0.45455	0.0	0.0	0.45455	0.45455	1	0.76823	0.0	0.0	0.76823	0.76823	1
Forma	Original	LR	grid_best_fold7	0.54	0.0	0.0	0.54	0.54	1	0.375	0.0	0.0	0.375	0.375	1	0.41667	0.0	0.0	0.41667	0.41667	1	0.39474	0.0	0.0	0.39474	0.39474	1	0.6237	0.0	0.0	0.6237	0.6237	1
Forma	Original	LR	grid_best_fold8	0.61	0.0	0.0	0.61	0.61	1	0.46341	0.0	0.0	0.46341	0.46341	1	0.52778	0.0	0.0	0.52778	0.52778	1	0.49351	0.0	0.0	0.49351	0.49351	1	0.6697	0.0	0.0	0.6697	0.6697	1
Forma	Original	LR	grid_best_fold9	0.6	0.0	0.0	0.6	0.6	1	0.44444	0.0	0.0	0.44444	0.44444	1	0.44444	0.0	0.0	0.44444	0.44444	1	0.44444	0.0	0.0	0.44444	0.44444	1	0.6697	0.0	0.0	0.6697	0.6697	1
Forma	Original	RF	grid_best_fold1	0.62	0.0	0.0	0.62	0.62	1	0.46341	0.0	0.0	0.46341	0.46341	1	0.54286	0.0	0.0	0.54286	0.54286	1	0.5	0.0	0.0	0.5	0.5	1	0.66945	0.0	0.0	0.66945	0.66945	1
Forma	Original	RF	grid_best_fold10	0.63	0.0	0.0	0.63	0.63	1	0.48837	0.0	0.0	0.48837	0.48837	1	0.58333	0.0	0.0	0.58333	0.58333	1	0.53165	0.0	0.0	0.53165	0.53165	1	0.68533	0.0	0.0	0.68533	0.68533	1
Forma	Original	RF	grid_best_fold2	0.66	0.0	0.0	0.66	0.66	1	0.51429	0.0	0.0	0.51429	0.51429	1	0.51429	0.0	0.0	0.51429	0.51429	1	0.51429	0.0	0.0	0.51429	0.51429	1	0.68879	0.0	0.0	0.68879	0.68879	1
Forma	Original	RF	grid_best_fold3	0.74	0.0	0.0	0.74	0.74	1	0.67857	0.0	0.0	0.67857	0.67857	1	0.52778	0.0	0.0	0.52778	0.52778	1	0.59375	0.0	0.0	0.59375	0.59375	1	0.8138	0.0	0.0	0.8138	0.8138	1
Forma	Original	RF	grid_best_fold4	0.68	0.0	0.0	0.68	0.68	1	0.58333	0.0	0.0	0.58333	0.58333	1	0.38889	0.0	0.0	0.38889	0.38889	1	0.46667	0.0	0.0	0.46667	0.46667	1	0.75521	0.0	0.0	0.75521	0.75521	1
Forma	Original	RF	grid_best_fold5	0.67	0.0	0.0	0.67	0.67	1	0.54839	0.0	0.0	0.54839	0.54839	1	0.47222	0.0	0.0	0.47222	0.47222	1	0.50746	0.0	0.0	0.50746	0.50746	1	0.74718	0.0	0.0	0.74718	0.74718	1
Forma	Original	RF	grid_best_fold6	0.62	0.0	0.0	0.62	0.62	1	0.46429	0.0	0.0	0.46429	0.46429	1	0.36111	0.0	0.0	0.36111	0.36111	1	0.40625	0.0	0.0	0.40625	0.40625	1	0.73481	0.0	0.0	0.73481	0.73481	1
Forma	Original	RF	grid_best_fold7	0.61	0.0	0.0	0.61	0.61	1	0.45455	0.0	0.0	0.45455	0.45455	1	0.41667	0.0	0.0	0.41667	0.41667	1	0.43478	0.0	0.0	0.43478	0.43478	1	0.65755	0.0	0.0	0.65755	0.65755	1
Forma	Original	RF	grid_best_fold8	0.68	0.0	0.0	0.68	0.68	1	0.54545	0.0	0.0	0.54545	0.54545	1	0.66667	0.0	0.0	0.66667	0.66667	1	0.6	0.0	0.0	0.6	0.6	1	0.75347	0.0	0.0	0.75347	0.75347	1
Forma	Original	RF	grid_best_fold9	0.72	0.0	0.0	0.72	0.72	1	0.59524	0.0	0.0	0.59524	0.59524	1	0.69444	0.0	0.0	0.69444	0.69444	1	0.64103	0.0	0.0	0.64103	0.64103	1	0.77713	0.0	0.0	0.77713	0.77713	1
Forma	Original	SVC	grid_best_fold1	0.66	0.0	0.0	0.66	0.66	1	0.51613	0.0	0.0	0.51613	0.51613	1	0.45714	0.0	0.0	0.45714	0.45714	1	0.48485	0.0	0.0	0.48485	0.48485	1	0.72418	0.0	0.0	0.72418	0.72418	1
Forma	Original	SVC	grid_best_fold10	0.65	0.0	0.0	0.65	0.65	1	0.52174	0.0	0.0	0.52174	0.52174	1	0.33333	0.0	0.0	0.33333	0.33333	1	0.40678	0.0	0.0	0.40678	0.40678	1	0.73459	0.0	0.0	0.73459	0.73459	1
Forma	Original	SVC	grid_best_fold2	0.62	0.0	0.0	0.62	0.62	1	0.44828	0.0	0.0	0.44828	0.44828	1	0.37143	0.0	0.0	0.37143	0.37143	1	0.40625	0.0	0.0	0.40625	0.40625	1	0.68813	0.0	0.0	0.68813	0.68813	1
Forma	Original	SVC	grid_best_fold3	0.59	0.0	0.0	0.59	0.59	1	0.43243	0.0	0.0	0.43243	0.43243	1	0.44444	0.0	0.0	0.44444	0.44444	1	0.43836	0.0	0.0	0.43836	0.43836	1	0.68056	0.0	0.0	0.68056	0.68056	1
Forma	Original	SVC	grid_best_fold4	0.65	0.0	0.0	0.65	0.65	1	0.51724	0.0	0.0	0.51724	0.51724	1	0.41667	0.0	0.0	0.41667	0.41667	1	0.46154	0.0	0.0	0.46154	0.46154	1	0.75456	0.0	0.0	0.75456	0.75456	1
Forma	Original	SVC	grid_best_fold5	0.57	0.0	0.0	0.57	0.57	1	0.26667	0.0	0.0	0.26667	0.26667	1	0.11111	0.0	0.0	0.11111	0.11111	1	0.15686	0.0	0.0	0.15686	0.15686	1	0.70009	0.0	0.0	0.70009	0.70009	1
Forma	Original	SVC	grid_best_fold6	0.62	0.0	0.0	0.62	0.62	1	0.375	0.0	0.0	0.375	0.375	1	0.08333	0.0	0.0	0.08333	0.08333	1	0.13636	0.0	0.0	0.13636	0.13636	1	0.7385	0.0	0.0	0.7385	0.7385	1
Forma	Original	SVC	grid_best_fold7	0.55	0.0	0.0	0.55	0.55	1	0.37143	0.0	0.0	0.37143	0.37143	1	0.36111	0.0	0.0	0.36111	0.36111	1	0.3662	0.0	0.0	0.3662	0.3662	1	0.61719	0.0	0.0	0.61719	0.61719	1
Forma	Original	SVC	grid_best_fold8	0.66	0.0	0.0	0.66	0.66	1	0.525	0.0	0.0	0.525	0.525	1	0.58333	0.0	0.0	0.58333	0.58333	1	0.55263	0.0	0.0	0.55263	0.55263	1	0.71875	0.0	0.0	0.71875	0.71875	1
Forma	Original	SVC	grid_best_fold9	0.62	0.0	0.0	0.62	0.62	1	0.44444	0.0	0.0	0.44444	0.44444	1	0.22222	0.0	0.0	0.22222	0.22222	1	0.2963	0.0	0.0	0.2963	0.2963	1	0.70356	0.0	0.0	0.70356	0.70356	1
Instante	Original	AdaBoost	grid_best_fold1	0.62	0.0	0.0	0.62	0.62	1	0.45455	0.0	0.0	0.45455	0.45455	1	0.42857	0.0	0.0	0.42857	0.42857	1	0.44118	0.0	0.0	0.44118	0.44118	1	0.64791	0.0	0.0	0.64791	0.64791	1
Instante	Original	AdaBoost	grid_best_fold10	0.65	0.0	0.0	0.65	0.65	1	0.51429	0.0	0.0	0.51429	0.51429	1	0.5	0.0	0.0	0.5	0.5	1	0.50704	0.0	0.0	0.50704	0.50704	1	0.6977	0.0	0.0	0.6977	0.6977	1
Instante	Original	AdaBoost	grid_best_fold2	0.63	0.0	0.0	0.63	0.63	1	0.47222	0.0	0.0	0.47222	0.47222	1	0.48571	0.0	0.0	0.48571	0.48571	1	0.47887	0.0	0.0	0.47887	0.47887	1	0.6567	0.0	0.0	0.6567	0.6567	1
Instante	Original	AdaBoost	grid_best_fold3	0.69	0.0	0.0	0.69	0.69	1	0.58621	0.0	0.0	0.58621	0.58621	1	0.47222	0.0	0.0	0.47222	0.47222	1	0.52308	0.0	0.0	0.52308	0.52308	1	0.77517	0.0	0.0	0.77517	0.77517	1
Instante	Original	AdaBoost	grid_best_fold4	0.66	0.0	0.0	0.66	0.66	1	0.54167	0.0	0.0	0.54167	0.54167	1	0.36111	0.0	0.0	0.36111	0.36111	1	0.43333	0.0	0.0	0.43333	0.43333	1	0.75065	0.0	0.0	0.75065	0.75065	1
Instante	Original	AdaBoost	grid_best_fold5	0.6	0.0	0.0	0.6	0.6	1	0.43333	0.0	0.0	0.43333	0.43333	1	0.36111	0.0	0.0	0.36111	0.36111	1	0.39394	0.0	0.0	0.39394	0.39394	1	0.6645	0.0	0.0	0.6645	0.6645	1
Instante	Original	AdaBoost	grid_best_fold6	0.69	0.0	0.0	0.69	0.69	1	0.59259	0.0	0.0	0.59259	0.59259	1	0.44444	0.0	0.0	0.44444	0.44444	1	0.50794	0.0	0.0	0.50794	0.50794	1	0.75043	0.0	0.0	0.75043	0.75043	1
Instante	Original	AdaBoost	grid_best_fold7	0.56	0.0	0.0	0.56	0.56	1	0.39474	0.0	0.0	0.39474	0.39474	1	0.41667	0.0	0.0	0.41667	0.41667	1	0.40541	0.0	0.0	0.40541	0.40541	1	0.63194	0.0	0.0	0.63194	0.63194	1
Instante	Original	AdaBoost	grid_best_fold8	0.66	0.0	0.0	0.66	0.66	1	0.52778	0.0	0.0	0.52778	0.52778	1	0.52778	0.0	0.0	0.52778	0.52778	1	0.52778	0.0	0.0	0.52778	0.52778	1	0.72895	0.0	0.0	0.72895	0.72895	1
Instante	Original	AdaBoost	grid_best_fold9	0.7	0.0	0.0	0.7	0.7	1	0.58824	0.0	0.0	0.58824	0.58824	1	0.55556	0.0	0.0	0.55556	0.55556	1	0.57143	0.0	0.0	0.57143	0.57143	1	0.77235	0.0	0.0	0.77235	0.77235	1
Instante	Original	DT	grid_best_fold1	0.55	0.0	0.0	0.55	0.55	1	0.39583	0.0	0.0	0.39583	0.39583	1	0.54286	0.0	0.0	0.54286	0.54286	1	0.45783	0.0	0.0	0.45783	0.45783	1	0.55253	0.0	0.0	0.55253	0.55253	1
Instante	Original	DT	grid_best_fold10	0.62	0.0	0.0	0.62	0.62	1	0.48333	0.0	0.0	0.48333	0.48333	1	0.80556	0.0	0.0	0.80556	0.80556	1	0.60417	0.0	0.0	0.60417	0.60417	1	0.70638	0.0	0.0	0.70638	0.70638	1
Instante	Original	DT	grid_best_fold2	0.62	0.0	0.0	0.62	0.62	1	0.45161	0.0	0.0	0.45161	0.45161	1	0.4	0.0	0.0	0.4	0.4	1	0.42424	0.0	0.0	0.42424	0.42424	1	0.65846	0.0	0.0	0.65846	0.65846	1
Instante	Original	DT	grid_best_fold3	0.71	0.0	0.0	0.71	0.71	1	0.62069	0.0	0.0	0.62069	0.62069	1	0.5	0.0	0.0	0.5	0.5	1	0.55385	0.0	0.0	0.55385	0.55385	1	0.66406	0.0	0.0	0.66406	0.66406	1
Instante	Original	DT	grid_best_fold4	0.65	0.0	0.0	0.65	0.65	1	0.51724	0.0	0.0	0.51724	0.51724	1	0.41667	0.0	0.0	0.41667	0.41667	1	0.46154	0.0	0.0	0.46154	0.46154	1	0.60221	0.0	0.0	0.60221	0.60221	1
Instante	Original	DT	grid_best_fold5	0.61	0.0	0.0	0.61	0.61	1	0.45161	0.0	0.0	0.45161	0.45161	1	0.38889	0.0	0.0	0.38889	0.38889	1	0.41791	0.0	0.0	0.41791	0.41791	1	0.56163	0.0	0.0	0.56163	0.56163	1
Instante	Original	DT	grid_best_fold6	0.64	0.0	0.0	0.64	0.64	1	0.5	0.0	0.0	0.5	0.5	1	0.44444	0.0	0.0	0.44444	0.44444	1	0.47059	0.0	0.0	0.47059	0.47059	1	0.59722	0.0	0.0	0.59722	0.59722	1
Instante	Original	DT	grid_best_fold7	0.66	0.0	0.0	0.66	0.66	1	0.52778	0.0	0.0	0.52778	0.52778	1	0.52778	0.0	0.0	0.52778	0.52778	1	0.52778	0.0	0.0	0.52778	0.52778	1	0.63108	0.0	0.0	0.63108	0.63108	1
Instante	Original	DT	grid_best_fold8	0.65	0.0	0.0	0.65	0.65	1	0.51111	0.0	0.0	0.51111	0.51111	1	0.63889	0.0	0.0	0.63889	0.63889	1	0.5679	0.0	0.0	0.5679	0.5679	1	0.70464	0.0	0.0	0.70464	0.70464	1
Instante	Original	DT	grid_best_fold9	0.67	0.0	0.0	0.67	0.67	1	0.52727	0.0	0.0	0.52727	0.52727	1	0.80556	0.0	0.0	0.80556	0.80556	1	0.63736	0.0	0.0	0.63736	0.63736	1	0.73633	0.0	0.0	0.73633	0.73633	1
Instante	Original	ExtraTrees	grid_best_fold1	0.64	0.0	0.0	0.64	0.64	1	0.4878	0.0	0.0	0.4878	0.4878	1	0.57143	0.0	0.0	0.57143	0.57143	1	0.52632	0.0	0.0	0.52632	0.52632	1	0.64352	0.0	0.0	0.64352	0.64352	1
Instante	Original	ExtraTrees	grid_best_fold10	0.68	0.0	0.0	0.68	0.68	1	0.55263	0.0	0.0	0.55263	0.55263	1	0.58333	0.0	0.0	0.58333	0.58333	1	0.56757	0.0	0.0	0.56757	0.56757	1	0.73872	0.0	0.0	0.73872	0.73872	1
Instante	Original	ExtraTrees	grid_best_fold2	0.64	0.0	0.0	0.64	0.64	1	0.48718	0.0	0.0	0.48718	0.48718	1	0.54286	0.0	0.0	0.54286	0.54286	1	0.51351	0.0	0.0	0.51351	0.51351	1	0.66967	0.0	0.0	0.66967	0.66967	1
Instante	Original	ExtraTrees	grid_best_fold3	0.72	0.0	0.0	0.72	0.72	1	0.63333	0.0	0.0	0.63333	0.63333	1	0.52778	0.0	0.0	0.52778	0.52778	1	0.57576	0.0	0.0	0.57576	0.57576	1	0.82878	0.0	0.0	0.82878	0.82878	1
Instante	Original	ExtraTrees	grid_best_fold4	0.69	0.0	0.0	0.69	0.69	1	0.57143	0.0	0.0	0.57143	0.57143	1	0.55556	0.0	0.0	0.55556	0.55556	1	0.56338	0.0	0.0	0.56338	0.56338	1	0.73741	0.0	0.0	0.73741	0.73741	1
Instante	Original	ExtraTrees	grid_best_fold5	0.69	0.0	0.0	0.69	0.69	1	0.57576	0.0	0.0	0.57576	0.57576	1	0.52778	0.0	0.0	0.52778	0.52778	1	0.55072	0.0	0.0	0.55072	0.55072	1	0.76562	0.0	0.0	0.76562	0.76562	1
Instante	Original	ExtraTrees	grid_best_fold6	0.66	0.0	0.0	0.66	0.66	1	0.53571	0.0	0.0	0.53571	0.53571	1	0.41667	0.0	0.0	0.41667	0.41667	1	0.46875	0.0	0.0	0.46875	0.46875	1	0.75087	0.0	0.0	0.75087	0.75087	1
Instante	Original	ExtraTrees	grid_best_fold7	0.63	0.0	0.0	0.63	0.63	1	0.48485	0.0	0.0	0.48485	0.48485	1	0.44444	0.0	0.0	0.44444	0.44444	1	0.46377	0.0	0.0	0.46377	0.46377	1	0.69987	0.0	0.0	0.69987	0.69987	1
Instante	Original	ExtraTrees	grid_best_fold8	0.7	0.0	0.0	0.7	0.7	1	0.56818	0.0	0.0	0.56818	0.56818	1	0.69444	0.0	0.0	0.69444	0.69444	1	0.625	0.0	0.0	0.625	0.625	1	0.77626	0.0	0.0	0.77626	0.77626	1
Instante	Original	ExtraTrees	grid_best_fold9	0.69	0.0	0.0	0.69	0.69	1	0.55814	0.0	0.0	0.55814	0.55814	1	0.66667	0.0	0.0	0.66667	0.66667	1	0.60759	0.0	0.0	0.60759	0.60759	1	0.74653	0.0	0.0	0.74653	0.74653	1
Instante	Original	GaussianNB	grid_best_fold1	0.55	0.0	0.0	0.55	0.55	1	0.4375	0.0	0.0	0.4375	0.4375	1	1.0	0.0	0.0	1.0	1.0	1	0.6087	0.0	0.0	0.6087	0.6087	1	0.67253	0.0	0.0	0.67253	0.67253	1
Instante	Original	GaussianNB	grid_best_fold10	0.61	0.0	0.0	0.61	0.61	1	0.47945	0.0	0.0	0.47945	0.47945	1	0.97222	0.0	0.0	0.97222	0.97222	1	0.6422	0.0	0.0	0.6422	0.6422	1	0.6901	0.0	0.0	0.6901	0.6901	1
Instante	Original	GaussianNB	grid_best_fold2	0.56	0.0	0.0	0.56	0.56	1	0.44156	0.0	0.0	0.44156	0.44156	1	0.97143	0.0	0.0	0.97143	0.97143	1	0.60714	0.0	0.0	0.60714	0.60714	1	0.61143	0.0	0.0	0.61143	0.61143	1
Instante	Original	GaussianNB	grid_best_fold3	0.63	0.0	0.0	0.63	0.63	1	0.49275	0.0	0.0	0.49275	0.49275	1	0.94444	0.0	0.0	0.94444	0.94444	1	0.64762	0.0	0.0	0.64762	0.64762	1	0.69141	0.0	0.0	0.69141	0.69141	1
Instante	Original	GaussianNB	grid_best_fold4	0.64	0.0	0.0	0.64	0.64	1	0.5	0.0	0.0	0.5	0.5	1	1.0	0.0	0.0	1.0	1.0	1	0.66667	0.0	0.0	0.66667	0.66667	1	0.68924	0.0	0.0	0.68924	0.68924	1
Instante	Original	GaussianNB	grid_best_fold5	0.7	0.0	0.0	0.7	0.7	1	0.54545	0.0	0.0	0.54545	0.54545	1	1.0	0.0	0.0	1.0	1.0	1	0.70588	0.0	0.0	0.70588	0.70588	1	0.76345	0.0	0.0	0.76345	0.76345	1
Instante	Original	GaussianNB	grid_best_fold6	0.7	0.0	0.0	0.7	0.7	1	0.54839	0.0	0.0	0.54839	0.54839	1	0.94444	0.0	0.0	0.94444	0.94444	1	0.69388	0.0	0.0	0.69388	0.69388	1	0.82118	0.0	0.0	0.82118	0.82118	1
Instante	Original	GaussianNB	grid_best_fold7	0.62	0.0	0.0	0.62	0.62	1	0.48649	0.0	0.0	0.48649	0.48649	1	1.0	0.0	0.0	1.0	1.0	1	0.65455	0.0	0.0	0.65455	0.65455	1	0.73568	0.0	0.0	0.73568	0.73568	1
Instante	Original	GaussianNB	grid_best_fold8	0.57	0.0	0.0	0.57	0.57	1	0.45333	0.0	0.0	0.45333	0.45333	1	0.94444	0.0	0.0	0.94444	0.94444	1	0.61261	0.0	0.0	0.61261	0.61261	1	0.65082	0.0	0.0	0.65082	0.65082	1
Instante	Original	GaussianNB	grid_best_fold9	0.62	0.0	0.0	0.62	0.62	1	0.48529	0.0	0.0	0.48529	0.48529	1	0.91667	0.0	0.0	0.91667	0.91667	1	0.63462	0.0	0.0	0.63462	0.63462	1	0.69792	0.0	0.0	0.69792	0.69792	1
Instante	Original	GradientBoosting	grid_best_fold1	0.63	0.0	0.0	0.63	0.63	1	0.47059	0.0	0.0	0.47059	0.47059	1	0.45714	0.0	0.0	0.45714	0.45714	1	0.46377	0.0	0.0	0.46377	0.46377	1	0.67626	0.0	0.0	0.67626	0.67626	1
Instante	Original	GradientBoosting	grid_best_fold10	0.66	0.0	0.0	0.66	0.66	1	0.525	0.0	0.0	0.525	0.525	1	0.58333	0.0	0.0	0.58333	0.58333	1	0.55263	0.0	0.0	0.55263	0.55263	1	0.72917	0.0	0.0	0.72917	0.72917	1
Instante	Original	GradientBoosting	grid_best_fold2	0.61	0.0	0.0	0.61	0.61	1	0.44118	0.0	0.0	0.44118	0.44118	1	0.42857	0.0	0.0	0.42857	0.42857	1	0.43478	0.0	0.0	0.43478	0.43478	1	0.67824	0.0	0.0	0.67824	0.67824	1
Instante	Original	GradientBoosting	grid_best_fold3	0.73	0.0	0.0	0.73	0.73	1	0.62857	0.0	0.0	0.62857	0.62857	1	0.61111	0.0	0.0	0.61111	0.61111	1	0.61972	0.0	0.0	0.61972	0.61972	1	0.8023	0.0	0.0	0.8023	0.8023	1
Instante	Original	GradientBoosting	grid_best_fold4	0.69	0.0	0.0	0.69	0.69	1	0.58621	0.0	0.0	0.58621	0.58621	1	0.47222	0.0	0.0	0.47222	0.47222	1	0.52308	0.0	0.0	0.52308	0.52308	1	0.7793	0.0	0.0	0.7793	0.7793	1
Instante	Original	GradientBoosting	grid_best_fold5	0.65	0.0	0.0	0.65	0.65	1	0.51852	0.0	0.0	0.51852	0.51852	1	0.38889	0.0	0.0	0.38889	0.38889	1	0.44444	0.0	0.0	0.44444	0.44444	1	0.76194	0.0	0.0	0.76194	0.76194	1
Instante	Original	GradientBoosting	grid_best_fold6	0.63	0.0	0.0	0.63	0.63	1	0.48	0.0	0.0	0.48	0.48	1	0.33333	0.0	0.0	0.33333	0.33333	1	0.39344	0.0	0.0	0.39344	0.39344	1	0.7487	0.0	0.0	0.7487	0.7487	1
Instante	Original	GradientBoosting	grid_best_fold7	0.6	0.0	0.0	0.6	0.6	1	0.44444	0.0	0.0	0.44444	0.44444	1	0.44444	0.0	0.0	0.44444	0.44444	1	0.44444	0.0	0.0	0.44444	0.44444	1	0.66189	0.0	0.0	0.66189	0.66189	1
Instante	Original	GradientBoosting	grid_best_fold8	0.63	0.0	0.0	0.63	0.63	1	0.48571	0.0	0.0	0.48571	0.48571	1	0.47222	0.0	0.0	0.47222	0.47222	1	0.47887	0.0	0.0	0.47887	0.47887	1	0.68316	0.0	0.0	0.68316	0.68316	1
Instante	Original	GradientBoosting	grid_best_fold9	0.67	0.0	0.0	0.67	0.67	1	0.53846	0.0	0.0	0.53846	0.53846	1	0.58333	0.0	0.0	0.58333	0.58333	1	0.56	0.0	0.0	0.56	0.56	1	0.78125	0.0	0.0	0.78125	0.78125	1
Instante	Original	HistGradientBoosting	grid_best_fold1	0.59	0.0	0.0	0.59	0.59	1	0.41667	0.0	0.0	0.41667	0.41667	1	0.42857	0.0	0.0	0.42857	0.42857	1	0.42254	0.0	0.0	0.42254	0.42254	1	0.63451	0.0	0.0	0.63451	0.63451	1
Instante	Original	HistGradientBoosting	grid_best_fold10	0.65	0.0	0.0	0.65	0.65	1	0.51282	0.0	0.0	0.51282	0.51282	1	0.55556	0.0	0.0	0.55556	0.55556	1	0.53333	0.0	0.0	0.53333	0.53333	1	0.71788	0.0	0.0	0.71788	0.71788	1
Instante	Original	HistGradientBoosting	grid_best_fold2	0.59	0.0	0.0	0.59	0.59	1	0.40625	0.0	0.0	0.40625	0.40625	1	0.37143	0.0	0.0	0.37143	0.37143	1	0.38806	0.0	0.0	0.38806	0.38806	1	0.62945	0.0	0.0	0.62945	0.62945	1
Instante	Original	HistGradientBoosting	grid_best_fold3	0.72	0.0	0.0	0.72	0.72	1	0.61765	0.0	0.0	0.61765	0.61765	1	0.58333	0.0	0.0	0.58333	0.58333	1	0.6	0.0	0.0	0.6	0.6	1	0.81944	0.0	0.0	0.81944	0.81944	1
Instante	Original	HistGradientBoosting	grid_best_fold4	0.66	0.0	0.0	0.66	0.66	1	0.52941	0.0	0.0	0.52941	0.52941	1	0.5	0.0	0.0	0.5	0.5	1	0.51429	0.0	0.0	0.51429	0.51429	1	0.73003	0.0	0.0	0.73003	0.73003	1
Instante	Original	HistGradientBoosting	grid_best_fold5	0.66	0.0	0.0	0.66	0.66	1	0.53571	0.0	0.0	0.53571	0.53571	1	0.41667	0.0	0.0	0.41667	0.41667	1	0.46875	0.0	0.0	0.46875	0.46875	1	0.7628	0.0	0.0	0.7628	0.7628	1
Instante	Original	HistGradientBoosting	grid_best_fold6	0.7	0.0	0.0	0.7	0.7	1	0.6	0.0	0.0	0.6	0.6	1	0.5	0.0	0.0	0.5	0.5	1	0.54545	0.0	0.0	0.54545	0.54545	1	0.77821	0.0	0.0	0.77821	0.77821	1
Instante	Original	HistGradientBoosting	grid_best_fold7	0.59	0.0	0.0	0.59	0.59	1	0.44186	0.0	0.0	0.44186	0.44186	1	0.52778	0.0	0.0	0.52778	0.52778	1	0.48101	0.0	0.0	0.48101	0.48101	1	0.63889	0.0	0.0	0.63889	0.63889	1
Instante	Original	HistGradientBoosting	grid_best_fold8	0.65	0.0	0.0	0.65	0.65	1	0.5122	0.0	0.0	0.5122	0.5122	1	0.58333	0.0	0.0	0.58333	0.58333	1	0.54545	0.0	0.0	0.54545	0.54545	1	0.73915	0.0	0.0	0.73915	0.73915	1
Instante	Original	HistGradientBoosting	grid_best_fold9	0.62	0.0	0.0	0.62	0.62	1	0.47727	0.0	0.0	0.47727	0.47727	1	0.58333	0.0	0.0	0.58333	0.58333	1	0.525	0.0	0.0	0.525	0.525	1	0.72613	0.0	0.0	0.72613	0.72613	1
Instante	Original	KNN	grid_best_fold1	0.58	0.0	0.0	0.58	0.58	1	0.4186	0.0	0.0	0.4186	0.4186	1	0.51429	0.0	0.0	0.51429	0.51429	1	0.46154	0.0	0.0	0.46154	0.46154	1	0.56484	0.0	0.0	0.56484	0.56484	1
Instante	Original	KNN	grid_best_fold10	0.64	0.0	0.0	0.64	0.64	1	0.5	0.0	0.0	0.5	0.5	1	0.61111	0.0	0.0	0.61111	0.61111	1	0.55	0.0	0.0	0.55	0.55	1	0.66059	0.0	0.0	0.66059	0.66059	1
Instante	Original	KNN	grid_best_fold2	0.63	0.0	0.0	0.63	0.63	1	0.47059	0.0	0.0	0.47059	0.47059	1	0.45714	0.0	0.0	0.45714	0.45714	1	0.46377	0.0	0.0	0.46377	0.46377	1	0.62308	0.0	0.0	0.62308	0.62308	1
Instante	Original	KNN	grid_best_fold3	0.68	0.0	0.0	0.68	0.68	1	0.57143	0.0	0.0	0.57143	0.57143	1	0.44444	0.0	0.0	0.44444	0.44444	1	0.5	0.0	0.0	0.5	0.5	1	0.75868	0.0	0.0	0.75868	0.75868	1
Instante	Original	KNN	grid_best_fold4	0.61	0.0	0.0	0.61	0.61	1	0.45455	0.0	0.0	0.45455	0.45455	1	0.41667	0.0	0.0	0.41667	0.41667	1	0.43478	0.0	0.0	0.43478	0.43478	1	0.56771	0.0	0.0	0.56771	0.56771	1
Instante	Original	KNN	grid_best_fold5	0.65	0.0	0.0	0.65	0.65	1	0.51852	0.0	0.0	0.51852	0.51852	1	0.38889	0.0	0.0	0.38889	0.38889	1	0.44444	0.0	0.0	0.44444	0.44444	1	0.7105	0.0	0.0	0.7105	0.7105	1
Instante	Original	KNN	grid_best_fold6	0.64	0.0	0.0	0.64	0.64	1	0.5	0.0	0.0	0.5	0.5	1	0.38889	0.0	0.0	0.38889	0.38889	1	0.4375	0.0	0.0	0.4375	0.4375	1	0.58507	0.0	0.0	0.58507	0.58507	1
Instante	Original	KNN	grid_best_fold7	0.51	0.0	0.0	0.51	0.51	1	0.31429	0.0	0.0	0.31429	0.31429	1	0.30556	0.0	0.0	0.30556	0.30556	1	0.30986	0.0	0.0	0.30986	0.30986	1	0.58984	0.0	0.0	0.58984	0.58984	1
Instante	Original	KNN	grid_best_fold8	0.69	0.0	0.0	0.69	0.69	1	0.56098	0.0	0.0	0.56098	0.56098	1	0.63889	0.0	0.0	0.63889	0.63889	1	0.5974	0.0	0.0	0.5974	0.5974	1	0.74805	0.0	0.0	0.74805	0.74805	1
Instante	Original	KNN	grid_best_fold9	0.66	0.0	0.0	0.66	0.66	1	0.525	0.0	0.0	0.525	0.525	1	0.58333	0.0	0.0	0.58333	0.58333	1	0.55263	0.0	0.0	0.55263	0.55263	1	0.74457	0.0	0.0	0.74457	0.74457	1
Instante	Original	LR	grid_best_fold1	0.69	0.0	0.0	0.69	0.69	1	0.55556	0.0	0.0	0.55556	0.55556	1	0.57143	0.0	0.0	0.57143	0.57143	1	0.56338	0.0	0.0	0.56338	0.56338	1	0.72747	0.0	0.0	0.72747	0.72747	1
Instante	Original	LR	grid_best_fold10	0.64	0.0	0.0	0.64	0.64	1	0.5	0.0	0.0	0.5	0.5	1	0.55556	0.0	0.0	0.55556	0.55556	1	0.52632	0.0	0.0	0.52632	0.52632	1	0.71528	0.0	0.0	0.71528	0.71528	1
Instante	Original	LR	grid_best_fold2	0.65	0.0	0.0	0.65	0.65	1	0.5	0.0	0.0	0.5	0.5	1	0.48571	0.0	0.0	0.48571	0.48571	1	0.49275	0.0	0.0	0.49275	0.49275	1	0.68088	0.0	0.0	0.68088	0.68088	1
Instante	Original	LR	grid_best_fold3	0.66	0.0	0.0	0.66	0.66	1	0.52632	0.0	0.0	0.52632	0.52632	1	0.55556	0.0	0.0	0.55556	0.55556	1	0.54054	0.0	0.0	0.54054	0.54054	1	0.7079	0.0	0.0	0.7079	0.7079	1
Instante	Original	LR	grid_best_fold4	0.67	0.0	0.0	0.67	0.67	1	0.54286	0.0	0.0	0.54286	0.54286	1	0.52778	0.0	0.0	0.52778	0.52778	1	0.53521	0.0	0.0	0.53521	0.53521	1	0.74783	0.0	0.0	0.74783	0.74783	1
Instante	Original	LR	grid_best_fold5	0.62	0.0	0.0	0.62	0.62	1	0.45833	0.0	0.0	0.45833	0.45833	1	0.30556	0.0	0.0	0.30556	0.30556	1	0.36667	0.0	0.0	0.36667	0.36667	1	0.72135	0.0	0.0	0.72135	0.72135	1
Instante	Original	LR	grid_best_fold6	0.63	0.0	0.0	0.63	0.63	1	0.48148	0.0	0.0	0.48148	0.48148	1	0.36111	0.0	0.0	0.36111	0.36111	1	0.4127	0.0	0.0	0.4127	0.4127	1	0.77604	0.0	0.0	0.77604	0.77604	1
Instante	Original	LR	grid_best_fold7	0.6	0.0	0.0	0.6	0.6	1	0.4375	0.0	0.0	0.4375	0.4375	1	0.38889	0.0	0.0	0.38889	0.38889	1	0.41176	0.0	0.0	0.41176	0.41176	1	0.68012	0.0	0.0	0.68012	0.68012	1
Instante	Original	LR	grid_best_fold8	0.61	0.0	0.0	0.61	0.61	1	0.45946	0.0	0.0	0.45946	0.45946	1	0.47222	0.0	0.0	0.47222	0.47222	1	0.46575	0.0	0.0	0.46575	0.46575	1	0.68273	0.0	0.0	0.68273	0.68273	1
Instante	Original	LR	grid_best_fold9	0.63	0.0	0.0	0.63	0.63	1	0.48387	0.0	0.0	0.48387	0.48387	1	0.41667	0.0	0.0	0.41667	0.41667	1	0.44776	0.0	0.0	0.44776	0.44776	1	0.727	0.0	0.0	0.727	0.727	1
Instante	Original	RF	grid_best_fold1	0.57	0.0	0.0	0.57	0.57	1	0.39474	0.0	0.0	0.39474	0.39474	1	0.42857	0.0	0.0	0.42857	0.42857	1	0.41096	0.0	0.0	0.41096	0.41096	1	0.6222	0.0	0.0	0.6222	0.6222	1
Instante	Original	RF	grid_best_fold10	0.65	0.0	0.0	0.65	0.65	1	0.5122	0.0	0.0	0.5122	0.5122	1	0.58333	0.0	0.0	0.58333	0.58333	1	0.54545	0.0	0.0	0.54545	0.54545	1	0.73069	0.0	0.0	0.73069	0.73069	1
Instante	Original	RF	grid_best_fold2	0.61	0.0	0.0	0.61	0.61	1	0.44118	0.0	0.0	0.44118	0.44118	1	0.42857	0.0	0.0	0.42857	0.42857	1	0.43478	0.0	0.0	0.43478	0.43478	1	0.67121	0.0	0.0	0.67121	0.67121	1
Instante	Original	RF	grid_best_fold3	0.75	0.0	0.0	0.75	0.75	1	0.67742	0.0	0.0	0.67742	0.67742	1	0.58333	0.0	0.0	0.58333	0.58333	1	0.62687	0.0	0.0	0.62687	0.62687	1	0.81272	0.0	0.0	0.81272	0.81272	1
Instante	Original	RF	grid_best_fold4	0.67	0.0	0.0	0.67	0.67	1	0.56	0.0	0.0	0.56	0.56	1	0.38889	0.0	0.0	0.38889	0.38889	1	0.45902	0.0	0.0	0.45902	0.45902	1	0.72743	0.0	0.0	0.72743	0.72743	1
Instante	Original	RF	grid_best_fold5	0.66	0.0	0.0	0.66	0.66	1	0.53333	0.0	0.0	0.53333	0.53333	1	0.44444	0.0	0.0	0.44444	0.44444	1	0.48485	0.0	0.0	0.48485	0.48485	1	0.75065	0.0	0.0	0.75065	0.75065	1
Instante	Original	RF	grid_best_fold6	0.66	0.0	0.0	0.66	0.66	1	0.53571	0.0	0.0	0.53571	0.53571	1	0.41667	0.0	0.0	0.41667	0.41667	1	0.46875	0.0	0.0	0.46875	0.46875	1	0.77148	0.0	0.0	0.77148	0.77148	1
Instante	Original	RF	grid_best_fold7	0.6	0.0	0.0	0.6	0.6	1	0.44444	0.0	0.0	0.44444	0.44444	1	0.44444	0.0	0.0	0.44444	0.44444	1	0.44444	0.0	0.0	0.44444	0.44444	1	0.67144	0.0	0.0	0.67144	0.67144	1
Instante	Original	RF	grid_best_fold8	0.62	0.0	0.0	0.62	0.62	1	0.47619	0.0	0.0	0.47619	0.47619	1	0.55556	0.0	0.0	0.55556	0.55556	1	0.51282	0.0	0.0	0.51282	0.51282	1	0.72135	0.0	0.0	0.72135	0.72135	1
Instante	Original	RF	grid_best_fold9	0.67	0.0	0.0	0.67	0.67	1	0.53659	0.0	0.0	0.53659	0.53659	1	0.61111	0.0	0.0	0.61111	0.61111	1	0.57143	0.0	0.0	0.57143	0.57143	1	0.74067	0.0	0.0	0.74067	0.74067	1
Instante	Original	SVC	grid_best_fold1	0.62	0.0	0.0	0.62	0.62	1	0.45946	0.0	0.0	0.45946	0.45946	1	0.48571	0.0	0.0	0.48571	0.48571	1	0.47222	0.0	0.0	0.47222	0.47222	1	0.68923	0.0	0.0	0.68923	0.68923	1
Instante	Original	SVC	grid_best_fold10	0.65	0.0	0.0	0.65	0.65	1	0.57143	0.0	0.0	0.57143	0.57143	1	0.11111	0.0	0.0	0.11111	0.11111	1	0.18605	0.0	0.0	0.18605	0.18605	1	0.74262	0.0	0.0	0.74262	0.74262	1
Instante	Original	SVC	grid_best_fold2	0.64	0.0	0.0	0.64	0.64	1	0.48718	0.0	0.0	0.48718	0.48718	1	0.54286	0.0	0.0	0.54286	0.54286	1	0.51351	0.0	0.0	0.51351	0.51351	1	0.66901	0.0	0.0	0.66901	0.66901	1
Instante	Original	SVC	grid_best_fold3	0.63	0.0	0.0	0.63	0.63	1	0.47826	0.0	0.0	0.47826	0.47826	1	0.30556	0.0	0.0	0.30556	0.30556	1	0.37288	0.0	0.0	0.37288	0.37288	1	0.71137	0.0	0.0	0.71137	0.71137	1
Instante	Original	SVC	grid_best_fold4	0.65	0.0	0.0	0.65	0.65	1	0.55556	0.0	0.0	0.55556	0.55556	1	0.13889	0.0	0.0	0.13889	0.13889	1	0.22222	0.0	0.0	0.22222	0.22222	1	0.72352	0.0	0.0	0.72352	0.72352	1
Instante	Original	SVC	grid_best_fold5	0.64	0.0	0.0	0.64	0.64	1	0.5	0.0	0.0	0.5	0.5	1	0.41667	0.0	0.0	0.41667	0.41667	1	0.45455	0.0	0.0	0.45455	0.45455	1	0.70226	0.0	0.0	0.70226	0.70226	1
Instante	Original	SVC	grid_best_fold6	0.59	0.0	0.0	0.59	0.59	1	0.22222	0.0	0.0	0.22222	0.22222	1	0.05556	0.0	0.0	0.05556	0.05556	1	0.08889	0.0	0.0	0.08889	0.08889	1	0.68576	0.0	0.0	0.68576	0.68576	1
Instante	Original	SVC	grid_best_fold7	0.63	0.0	0.0	0.63	0.63	1	0.48837	0.0	0.0	0.48837	0.48837	1	0.58333	0.0	0.0	0.58333	0.58333	1	0.53165	0.0	0.0	0.53165	0.53165	1	0.66753	0.0	0.0	0.66753	0.66753	1
Instante	Original	SVC	grid_best_fold8	0.6	0.0	0.0	0.6	0.6	1	0.45	0.0	0.0	0.45	0.45	1	0.5	0.0	0.0	0.5	0.5	1	0.47368	0.0	0.0	0.47368	0.47368	1	0.72005	0.0	0.0	0.72005	0.72005	1
Instante	Original	SVC	grid_best_fold9	0.67	0.0	0.0	0.67	0.67	1	0.56	0.0	0.0	0.56	0.56	1	0.38889	0.0	0.0	0.38889	0.38889	1	0.45902	0.0	0.0	0.45902	0.45902	1	0.71723	0.0	0.0	0.71723	0.71723	1
Integral	Original	AdaBoost	grid_best_fold1	0.62	0.0	0.0	0.62	0.62	1	0.46667	0.0	0.0	0.46667	0.46667	1	0.6	0.0	0.0	0.6	0.6	1	0.525	0.0	0.0	0.525	0.525	1	0.67429	0.0	0.0	0.67429	0.67429	1
Integral	Original	AdaBoost	grid_best_fold10	0.61	0.0	0.0	0.61	0.61	1	0.45714	0.0	0.0	0.45714	0.45714	1	0.44444	0.0	0.0	0.44444	0.44444	1	0.4507	0.0	0.0	0.4507	0.4507	1	0.6645	0.0	0.0	0.6645	0.6645	1
Integral	Original	AdaBoost	grid_best_fold2	0.62	0.0	0.0	0.62	0.62	1	0.46154	0.0	0.0	0.46154	0.46154	1	0.51429	0.0	0.0	0.51429	0.51429	1	0.48649	0.0	0.0	0.48649	0.48649	1	0.68835	0.0	0.0	0.68835	0.68835	1
Integral	Original	AdaBoost	grid_best_fold3	0.66	0.0	0.0	0.66	0.66	1	0.53125	0.0	0.0	0.53125	0.53125	1	0.47222	0.0	0.0	0.47222	0.47222	1	0.5	0.0	0.0	0.5	0.5	1	0.73568	0.0	0.0	0.73568	0.73568	1
Integral	Original	AdaBoost	grid_best_fold4	0.67	0.0	0.0	0.67	0.67	1	0.55172	0.0	0.0	0.55172	0.55172	1	0.44444	0.0	0.0	0.44444	0.44444	1	0.49231	0.0	0.0	0.49231	0.49231	1	0.74306	0.0	0.0	0.74306	0.74306	1
Integral	Original	AdaBoost	grid_best_fold5	0.62	0.0	0.0	0.62	0.62	1	0.47059	0.0	0.0	0.47059	0.47059	1	0.44444	0.0	0.0	0.44444	0.44444	1	0.45714	0.0	0.0	0.45714	0.45714	1	0.70833	0.0	0.0	0.70833	0.70833	1
Integral	Original	AdaBoost	grid_best_fold6	0.65	0.0	0.0	0.65	0.65	1	0.52174	0.0	0.0	0.52174	0.52174	1	0.33333	0.0	0.0	0.33333	0.33333	1	0.40678	0.0	0.0	0.40678	0.40678	1	0.77561	0.0	0.0	0.77561	0.77561	1
Integral	Original	AdaBoost	grid_best_fold7	0.59	0.0	0.0	0.59	0.59	1	0.42424	0.0	0.0	0.42424	0.42424	1	0.38889	0.0	0.0	0.38889	0.38889	1	0.4058	0.0	0.0	0.4058	0.4058	1	0.66189	0.0	0.0	0.66189	0.66189	1
Integral	Original	AdaBoost	grid_best_fold8	0.62	0.0	0.0	0.62	0.62	1	0.47368	0.0	0.0	0.47368	0.47368	1	0.5	0.0	0.0	0.5	0.5	1	0.48649	0.0	0.0	0.48649	0.48649	1	0.69097	0.0	0.0	0.69097	0.69097	1
Integral	Original	AdaBoost	grid_best_fold9	0.62	0.0	0.0	0.62	0.62	1	0.46667	0.0	0.0	0.46667	0.46667	1	0.38889	0.0	0.0	0.38889	0.38889	1	0.42424	0.0	0.0	0.42424	0.42424	1	0.67188	0.0	0.0	0.67188	0.67188	1
Integral	Original	DT	grid_best_fold1	0.63	0.0	0.0	0.63	0.63	1	0.46875	0.0	0.0	0.46875	0.46875	1	0.42857	0.0	0.0	0.42857	0.42857	1	0.44776	0.0	0.0	0.44776	0.44776	1	0.6789	0.0	0.0	0.6789	0.6789	1
Integral	Original	DT	grid_best_fold10	0.62	0.0	0.0	0.62	0.62	1	0.4	0.0	0.0	0.4	0.4	1	0.11111	0.0	0.0	0.11111	0.11111	1	0.17391	0.0	0.0	0.17391	0.17391	1	0.648	0.0	0.0	0.648	0.648	1
Integral	Original	DT	grid_best_fold2	0.6	0.0	0.0	0.6	0.6	1	0.44186	0.0	0.0	0.44186	0.44186	1	0.54286	0.0	0.0	0.54286	0.54286	1	0.48718	0.0	0.0	0.48718	0.48718	1	0.59099	0.0	0.0	0.59099	0.59099	1
Integral	Original	DT	grid_best_fold3	0.67	0.0	0.0	0.67	0.67	1	0.54054	0.0	0.0	0.54054	0.54054	1	0.55556	0.0	0.0	0.55556	0.55556	1	0.54795	0.0	0.0	0.54795	0.54795	1	0.64497	0.0	0.0	0.64497	0.64497	1
Integral	Original	DT	grid_best_fold4	0.61	0.0	0.0	0.61	0.61	1	0.44	0.0	0.0	0.44	0.44	1	0.30556	0.0	0.0	0.30556	0.30556	1	0.36066	0.0	0.0	0.36066	0.36066	1	0.5434	0.0	0.0	0.5434	0.5434	1
Integral	Original	DT	grid_best_fold5	0.66	0.0	0.0	0.66	0.66	1	0.525	0.0	0.0	0.525	0.525	1	0.58333	0.0	0.0	0.58333	0.58333	1	0.55263	0.0	0.0	0.55263	0.55263	1	0.6543	0.0	0.0	0.6543	0.6543	1
Integral	Original	DT	grid_best_fold6	0.62	0.0	0.0	0.62	0.62	1	0.46667	0.0	0.0	0.46667	0.46667	1	0.38889	0.0	0.0	0.38889	0.38889	1	0.42424	0.0	0.0	0.42424	0.42424	1	0.56944	0.0	0.0	0.56944	0.56944	1
Integral	Original	DT	grid_best_fold7	0.63	0.0	0.0	0.63	0.63	1	0.48718	0.0	0.0	0.48718	0.48718	1	0.52778	0.0	0.0	0.52778	0.52778	1	0.50667	0.0	0.0	0.50667	0.50667	1	0.70204	0.0	0.0	0.70204	0.70204	1
Integral	Original	DT	grid_best_fold8	0.66	0.0	0.0	0.66	0.66	1	0.525	0.0	0.0	0.525	0.525	1	0.58333	0.0	0.0	0.58333	0.58333	1	0.55263	0.0	0.0	0.55263	0.55263	1	0.64323	0.0	0.0	0.64323	0.64323	1
Integral	Original	DT	grid_best_fold9	0.63	0.0	0.0	0.63	0.63	1	0.49231	0.0	0.0	0.49231	0.49231	1	0.88889	0.0	0.0	0.88889	0.88889	1	0.63366	0.0	0.0	0.63366	0.63366	1	0.69249	0.0	0.0	0.69249	0.69249	1
Integral	Original	ExtraTrees	grid_best_fold1	0.61	0.0	0.0	0.61	0.61	1	0.45455	0.0	0.0	0.45455	0.45455	1	0.57143	0.0	0.0	0.57143	0.57143	1	0.50633	0.0	0.0	0.50633	0.50633	1	0.65648	0.0	0.0	0.65648	0.65648	1
Integral	Original	ExtraTrees	grid_best_fold10	0.65	0.0	0.0	0.65	0.65	1	0.51282	0.0	0.0	0.51282	0.51282	1	0.55556	0.0	0.0	0.55556	0.55556	1	0.53333	0.0	0.0	0.53333	0.53333	1	0.73177	0.0	0.0	0.73177	0.73177	1
Integral	Original	ExtraTrees	grid_best_fold2	0.66	0.0	0.0	0.66	0.66	1	0.51351	0.0	0.0	0.51351	0.51351	1	0.54286	0.0	0.0	0.54286	0.54286	1	0.52778	0.0	0.0	0.52778	0.52778	1	0.68132	0.0	0.0	0.68132	0.68132	1
Integral	Original	ExtraTrees	grid_best_fold3	0.71	0.0	0.0	0.71	0.71	1	0.62963	0.0	0.0	0.62963	0.62963	1	0.47222	0.0	0.0	0.47222	0.47222	1	0.53968	0.0	0.0	0.53968	0.53968	1	0.8138	0.0	0.0	0.8138	0.8138	1
Integral	Original	ExtraTrees	grid_best_fold4	0.64	0.0	0.0	0.64	0.64	1	0.5	0.0	0.0	0.5	0.5	1	0.38889	0.0	0.0	0.38889	0.38889	1	0.4375	0.0	0.0	0.4375	0.4375	1	0.72439	0.0	0.0	0.72439	0.72439	1
Integral	Original	ExtraTrees	grid_best_fold5	0.61	0.0	0.0	0.61	0.61	1	0.44444	0.0	0.0	0.44444	0.44444	1	0.33333	0.0	0.0	0.33333	0.33333	1	0.38095	0.0	0.0	0.38095	0.38095	1	0.73199	0.0	0.0	0.73199	0.73199	1
Integral	Original	ExtraTrees	grid_best_fold6	0.67	0.0	0.0	0.67	0.67	1	0.55172	0.0	0.0	0.55172	0.55172	1	0.44444	0.0	0.0	0.44444	0.44444	1	0.49231	0.0	0.0	0.49231	0.49231	1	0.74935	0.0	0.0	0.74935	0.74935	1
Integral	Original	ExtraTrees	grid_best_fold7	0.62	0.0	0.0	0.62	0.62	1	0.47059	0.0	0.0	0.47059	0.47059	1	0.44444	0.0	0.0	0.44444	0.44444	1	0.45714	0.0	0.0	0.45714	0.45714	1	0.70226	0.0	0.0	0.70226	0.70226	1
Integral	Original	ExtraTrees	grid_best_fold8	0.67	0.0	0.0	0.67	0.67	1	0.54054	0.0	0.0	0.54054	0.54054	1	0.55556	0.0	0.0	0.55556	0.55556	1	0.54795	0.0	0.0	0.54795	0.54795	1	0.73003	0.0	0.0	0.73003	0.73003	1
Integral	Original	ExtraTrees	grid_best_fold9	0.63	0.0	0.0	0.63	0.63	1	0.48837	0.0	0.0	0.48837	0.48837	1	0.58333	0.0	0.0	0.58333	0.58333	1	0.53165	0.0	0.0	0.53165	0.53165	1	0.71289	0.0	0.0	0.71289	0.71289	1
Integral	Original	GaussianNB	grid_best_fold1	0.55	0.0	0.0	0.55	0.55	1	0.4375	0.0	0.0	0.4375	0.4375	1	1.0	0.0	0.0	1.0	1.0	1	0.6087	0.0	0.0	0.6087	0.6087	1	0.65385	0.0	0.0	0.65385	0.65385	1
Integral	Original	GaussianNB	grid_best_fold10	0.6	0.0	0.0	0.6	0.6	1	0.47297	0.0	0.0	0.47297	0.47297	1	0.97222	0.0	0.0	0.97222	0.97222	1	0.63636	0.0	0.0	0.63636	0.63636	1	0.68142	0.0	0.0	0.68142	0.68142	1
Integral	Original	GaussianNB	grid_best_fold2	0.55	0.0	0.0	0.55	0.55	1	0.4375	0.0	0.0	0.4375	0.4375	1	1.0	0.0	0.0	1.0	1.0	1	0.6087	0.0	0.0	0.6087	0.6087	1	0.65385	0.0	0.0	0.65385	0.65385	1
Integral	Original	GaussianNB	grid_best_fold3	0.63	0.0	0.0	0.63	0.63	1	0.49296	0.0	0.0	0.49296	0.49296	1	0.97222	0.0	0.0	0.97222	0.97222	1	0.65421	0.0	0.0	0.65421	0.65421	1	0.70486	0.0	0.0	0.70486	0.70486	1
Integral	Original	GaussianNB	grid_best_fold4	0.65	0.0	0.0	0.65	0.65	1	0.50704	0.0	0.0	0.50704	0.50704	1	1.0	0.0	0.0	1.0	1.0	1	0.6729	0.0	0.0	0.6729	0.6729	1	0.72656	0.0	0.0	0.72656	0.72656	1
Integral	Original	GaussianNB	grid_best_fold5	0.67	0.0	0.0	0.67	0.67	1	0.52174	0.0	0.0	0.52174	0.52174	1	1.0	0.0	0.0	1.0	1.0	1	0.68571	0.0	0.0	0.68571	0.68571	1	0.74219	0.0	0.0	0.74219	0.74219	1
Integral	Original	GaussianNB	grid_best_fold6	0.71	0.0	0.0	0.71	0.71	1	0.55385	0.0	0.0	0.55385	0.55385	1	1.0	0.0	0.0	1.0	1.0	1	0.71287	0.0	0.0	0.71287	0.71287	1	0.78125	0.0	0.0	0.78125	0.78125	1
Integral	Original	GaussianNB	grid_best_fold7	0.61	0.0	0.0	0.61	0.61	1	0.48	0.0	0.0	0.48	0.48	1	1.0	0.0	0.0	1.0	1.0	1	0.64865	0.0	0.0	0.64865	0.64865	1	0.69531	0.0	0.0	0.69531	0.69531	1
Integral	Original	GaussianNB	grid_best_fold8	0.57	0.0	0.0	0.57	0.57	1	0.45333	0.0	0.0	0.45333	0.45333	1	0.94444	0.0	0.0	0.94444	0.94444	1	0.61261	0.0	0.0	0.61261	0.61261	1	0.65191	0.0	0.0	0.65191	0.65191	1
Integral	Original	GaussianNB	grid_best_fold9	0.63	0.0	0.0	0.63	0.63	1	0.49296	0.0	0.0	0.49296	0.49296	1	0.97222	0.0	0.0	0.97222	0.97222	1	0.65421	0.0	0.0	0.65421	0.65421	1	0.70486	0.0	0.0	0.70486	0.70486	1
Integral	Original	GradientBoosting	grid_best_fold1	0.56	0.0	0.0	0.56	0.56	1	0.38462	0.0	0.0	0.38462	0.38462	1	0.42857	0.0	0.0	0.42857	0.42857	1	0.40541	0.0	0.0	0.40541	0.40541	1	0.61758	0.0	0.0	0.61758	0.61758	1
Integral	Original	GradientBoosting	grid_best_fold10	0.61	0.0	0.0	0.61	0.61	1	0.45714	0.0	0.0	0.45714	0.45714	1	0.44444	0.0	0.0	0.44444	0.44444	1	0.4507	0.0	0.0	0.4507	0.4507	1	0.67708	0.0	0.0	0.67708	0.67708	1
Integral	Original	GradientBoosting	grid_best_fold2	0.62	0.0	0.0	0.62	0.62	1	0.46341	0.0	0.0	0.46341	0.46341	1	0.54286	0.0	0.0	0.54286	0.54286	1	0.5	0.0	0.0	0.5	0.5	1	0.6567	0.0	0.0	0.6567	0.6567	1
Integral	Original	GradientBoosting	grid_best_fold3	0.7	0.0	0.0	0.7	0.7	1	0.60714	0.0	0.0	0.60714	0.60714	1	0.47222	0.0	0.0	0.47222	0.47222	1	0.53125	0.0	0.0	0.53125	0.53125	1	0.75738	0.0	0.0	0.75738	0.75738	1
Integral	Original	GradientBoosting	grid_best_fold4	0.61	0.0	0.0	0.61	0.61	1	0.42857	0.0	0.0	0.42857	0.42857	1	0.25	0.0	0.0	0.25	0.25	1	0.31579	0.0	0.0	0.31579	0.31579	1	0.71875	0.0	0.0	0.71875	0.71875	1
Integral	Original	GradientBoosting	grid_best_fold5	0.65	0.0	0.0	0.65	0.65	1	0.51515	0.0	0.0	0.51515	0.51515	1	0.47222	0.0	0.0	0.47222	0.47222	1	0.49275	0.0	0.0	0.49275	0.49275	1	0.71875	0.0	0.0	0.71875	0.71875	1
Integral	Original	GradientBoosting	grid_best_fold6	0.63	0.0	0.0	0.63	0.63	1	0.47619	0.0	0.0	0.47619	0.47619	1	0.27778	0.0	0.0	0.27778	0.27778	1	0.35088	0.0	0.0	0.35088	0.35088	1	0.7513	0.0	0.0	0.7513	0.7513	1
Integral	Original	GradientBoosting	grid_best_fold7	0.66	0.0	0.0	0.66	0.66	1	0.52778	0.0	0.0	0.52778	0.52778	1	0.52778	0.0	0.0	0.52778	0.52778	1	0.52778	0.0	0.0	0.52778	0.52778	1	0.72786	0.0	0.0	0.72786	0.72786	1
Integral	Original	GradientBoosting	grid_best_fold8	0.63	0.0	0.0	0.63	0.63	1	0.48649	0.0	0.0	0.48649	0.48649	1	0.5	0.0	0.0	0.5	0.5	1	0.49315	0.0	0.0	0.49315	0.49315	1	0.69705	0.0	0.0	0.69705	0.69705	1
Integral	Original	GradientBoosting	grid_best_fold9	0.6	0.0	0.0	0.6	0.6	1	0.45238	0.0	0.0	0.45238	0.45238	1	0.52778	0.0	0.0	0.52778	0.52778	1	0.48718	0.0	0.0	0.48718	0.48718	1	0.69618	0.0	0.0	0.69618	0.69618	1
Integral	Original	HistGradientBoosting	grid_best_fold1	0.61	0.0	0.0	0.61	0.61	1	0.44444	0.0	0.0	0.44444	0.44444	1	0.45714	0.0	0.0	0.45714	0.45714	1	0.4507	0.0	0.0	0.4507	0.4507	1	0.65143	0.0	0.0	0.65143	0.65143	1
Integral	Original	HistGradientBoosting	grid_best_fold10	0.63	0.0	0.0	0.63	0.63	1	0.48837	0.0	0.0	0.48837	0.48837	1	0.58333	0.0	0.0	0.58333	0.58333	1	0.53165	0.0	0.0	0.53165	0.53165	1	0.69141	0.0	0.0	0.69141	0.69141	1
Integral	Original	HistGradientBoosting	grid_best_fold2	0.63	0.0	0.0	0.63	0.63	1	0.47222	0.0	0.0	0.47222	0.47222	1	0.48571	0.0	0.0	0.48571	0.48571	1	0.47887	0.0	0.0	0.47887	0.47887	1	0.65934	0.0	0.0	0.65934	0.65934	1
Integral	Original	HistGradientBoosting	grid_best_fold3	0.66	0.0	0.0	0.66	0.66	1	0.53125	0.0	0.0	0.53125	0.53125	1	0.47222	0.0	0.0	0.47222	0.47222	1	0.5	0.0	0.0	0.5	0.5	1	0.75477	0.0	0.0	0.75477	0.75477	1
Integral	Original	HistGradientBoosting	grid_best_fold4	0.62	0.0	0.0	0.62	0.62	1	0.45833	0.0	0.0	0.45833	0.45833	1	0.30556	0.0	0.0	0.30556	0.30556	1	0.36667	0.0	0.0	0.36667	0.36667	1	0.70833	0.0	0.0	0.70833	0.70833	1
Integral	Original	HistGradientBoosting	grid_best_fold5	0.68	0.0	0.0	0.68	0.68	1	0.5625	0.0	0.0	0.5625	0.5625	1	0.5	0.0	0.0	0.5	0.5	1	0.52941	0.0	0.0	0.52941	0.52941	1	0.73524	0.0	0.0	0.73524	0.73524	1
Integral	Original	HistGradientBoosting	grid_best_fold6	0.68	0.0	0.0	0.68	0.68	1	0.56667	0.0	0.0	0.56667	0.56667	1	0.47222	0.0	0.0	0.47222	0.47222	1	0.51515	0.0	0.0	0.51515	0.51515	1	0.75651	0.0	0.0	0.75651	0.75651	1
Integral	Original	HistGradientBoosting	grid_best_fold7	0.67	0.0	0.0	0.67	0.67	1	0.54286	0.0	0.0	0.54286	0.54286	1	0.52778	0.0	0.0	0.52778	0.52778	1	0.53521	0.0	0.0	0.53521	0.53521	1	0.70095	0.0	0.0	0.70095	0.70095	1
Integral	Original	HistGradientBoosting	grid_best_fold8	0.66	0.0	0.0	0.66	0.66	1	0.52381	0.0	0.0	0.52381	0.52381	1	0.61111	0.0	0.0	0.61111	0.61111	1	0.5641	0.0	0.0	0.5641	0.5641	1	0.73003	0.0	0.0	0.73003	0.73003	1
Integral	Original	HistGradientBoosting	grid_best_fold9	0.61	0.0	0.0	0.61	0.61	1	0.46512	0.0	0.0	0.46512	0.46512	1	0.55556	0.0	0.0	0.55556	0.55556	1	0.50633	0.0	0.0	0.50633	0.50633	1	0.65929	0.0	0.0	0.65929	0.65929	1
Integral	Original	KNN	grid_best_fold1	0.56	0.0	0.0	0.56	0.56	1	0.39024	0.0	0.0	0.39024	0.39024	1	0.45714	0.0	0.0	0.45714	0.45714	1	0.42105	0.0	0.0	0.42105	0.42105	1	0.53626	0.0	0.0	0.53626	0.53626	1
Integral	Original	KNN	grid_best_fold10	0.7	0.0	0.0	0.7	0.7	1	0.59375	0.0	0.0	0.59375	0.59375	1	0.52778	0.0	0.0	0.52778	0.52778	1	0.55882	0.0	0.0	0.55882	0.55882	1	0.74067	0.0	0.0	0.74067	0.74067	1
Integral	Original	KNN	grid_best_fold2	0.65	0.0	0.0	0.65	0.65	1	0.5	0.0	0.0	0.5	0.5	1	0.51429	0.0	0.0	0.51429	0.51429	1	0.50704	0.0	0.0	0.50704	0.50704	1	0.68703	0.0	0.0	0.68703	0.68703	1
Integral	Original	KNN	grid_best_fold3	0.66	0.0	0.0	0.66	0.66	1	0.53125	0.0	0.0	0.53125	0.53125	1	0.47222	0.0	0.0	0.47222	0.47222	1	0.5	0.0	0.0	0.5	0.5	1	0.69379	0.0	0.0	0.69379	0.69379	1
Integral	Original	KNN	grid_best_fold4	0.62	0.0	0.0	0.62	0.62	1	0.45833	0.0	0.0	0.45833	0.45833	1	0.30556	0.0	0.0	0.30556	0.30556	1	0.36667	0.0	0.0	0.36667	0.36667	1	0.69314	0.0	0.0	0.69314	0.69314	1
Integral	Original	KNN	grid_best_fold5	0.6	0.0	0.0	0.6	0.6	1	0.42857	0.0	0.0	0.42857	0.42857	1	0.33333	0.0	0.0	0.33333	0.33333	1	0.375	0.0	0.0	0.375	0.375	1	0.66146	0.0	0.0	0.66146	0.66146	1
Integral	Original	KNN	grid_best_fold6	0.69	0.0	0.0	0.69	0.69	1	0.6087	0.0	0.0	0.6087	0.6087	1	0.38889	0.0	0.0	0.38889	0.38889	1	0.47458	0.0	0.0	0.47458	0.47458	1	0.73394	0.0	0.0	0.73394	0.73394	1
Integral	Original	KNN	grid_best_fold7	0.58	0.0	0.0	0.58	0.58	1	0.42105	0.0	0.0	0.42105	0.42105	1	0.44444	0.0	0.0	0.44444	0.44444	1	0.43243	0.0	0.0	0.43243	0.43243	1	0.62891	0.0	0.0	0.62891	0.62891	1
Integral	Original	KNN	grid_best_fold8	0.63	0.0	0.0	0.63	0.63	1	0.48387	0.0	0.0	0.48387	0.48387	1	0.41667	0.0	0.0	0.41667	0.41667	1	0.44776	0.0	0.0	0.44776	0.44776	1	0.66037	0.0	0.0	0.66037	0.66037	1
Integral	Original	KNN	grid_best_fold9	0.6	0.0	0.0	0.6	0.6	1	0.44737	0.0	0.0	0.44737	0.44737	1	0.47222	0.0	0.0	0.47222	0.47222	1	0.45946	0.0	0.0	0.45946	0.45946	1	0.63563	0.0	0.0	0.63563	0.63563	1
Integral	Original	LR	grid_best_fold1	0.66	0.0	0.0	0.66	0.66	1	0.51282	0.0	0.0	0.51282	0.51282	1	0.57143	0.0	0.0	0.57143	0.57143	1	0.54054	0.0	0.0	0.54054	0.54054	1	0.70286	0.0	0.0	0.70286	0.70286	1
Integral	Original	LR	grid_best_fold10	0.64	0.0	0.0	0.64	0.64	1	0.5	0.0	0.0	0.5	0.5	1	0.55556	0.0	0.0	0.55556	0.55556	1	0.52632	0.0	0.0	0.52632	0.52632	1	0.7053	0.0	0.0	0.7053	0.7053	1
Integral	Original	LR	grid_best_fold2	0.63	0.0	0.0	0.63	0.63	1	0.475	0.0	0.0	0.475	0.475	1	0.54286	0.0	0.0	0.54286	0.54286	1	0.50667	0.0	0.0	0.50667	0.50667	1	0.66945	0.0	0.0	0.66945	0.66945	1
Integral	Original	LR	grid_best_fold3	0.68	0.0	0.0	0.68	0.68	1	0.5625	0.0	0.0	0.5625	0.5625	1	0.5	0.0	0.0	0.5	0.5	1	0.52941	0.0	0.0	0.52941	0.52941	1	0.74436	0.0	0.0	0.74436	0.74436	1
Integral	Original	LR	grid_best_fold4	0.64	0.0	0.0	0.64	0.64	1	0.5	0.0	0.0	0.5	0.5	1	0.41667	0.0	0.0	0.41667	0.41667	1	0.45455	0.0	0.0	0.45455	0.45455	1	0.70964	0.0	0.0	0.70964	0.70964	1
Integral	Original	LR	grid_best_fold5	0.69	0.0	0.0	0.69	0.69	1	0.56098	0.0	0.0	0.56098	0.56098	1	0.63889	0.0	0.0	0.63889	0.63889	1	0.5974	0.0	0.0	0.5974	0.5974	1	0.73655	0.0	0.0	0.73655	0.73655	1
Integral	Original	LR	grid_best_fold6	0.66	0.0	0.0	0.66	0.66	1	0.53333	0.0	0.0	0.53333	0.53333	1	0.44444	0.0	0.0	0.44444	0.44444	1	0.48485	0.0	0.0	0.48485	0.48485	1	0.77691	0.0	0.0	0.77691	0.77691	1
Integral	Original	LR	grid_best_fold7	0.6	0.0	0.0	0.6	0.6	1	0.44444	0.0	0.0	0.44444	0.44444	1	0.44444	0.0	0.0	0.44444	0.44444	1	0.44444	0.0	0.0	0.44444	0.44444	1	0.66102	0.0	0.0	0.66102	0.66102	1
Integral	Original	LR	grid_best_fold8	0.67	0.0	0.0	0.67	0.67	1	0.54286	0.0	0.0	0.54286	0.54286	1	0.52778	0.0	0.0	0.52778	0.52778	1	0.53521	0.0	0.0	0.53521	0.53521	1	0.75955	0.0	0.0	0.75955	0.75955	1
Integral	Original	LR	grid_best_fold9	0.66	0.0	0.0	0.66	0.66	1	0.52941	0.0	0.0	0.52941	0.52941	1	0.5	0.0	0.0	0.5	0.5	1	0.51429	0.0	0.0	0.51429	0.51429	1	0.72222	0.0	0.0	0.72222	0.72222	1
Integral	Original	RF	grid_best_fold1	0.62	0.0	0.0	0.62	0.62	1	0.46809	0.0	0.0	0.46809	0.46809	1	0.62857	0.0	0.0	0.62857	0.62857	1	0.53659	0.0	0.0	0.53659	0.53659	1	0.67956	0.0	0.0	0.67956	0.67956	1
Integral	Original	RF	grid_best_fold10	0.62	0.0	0.0	0.62	0.62	1	0.47368	0.0	0.0	0.47368	0.47368	1	0.5	0.0	0.0	0.5	0.5	1	0.48649	0.0	0.0	0.48649	0.48649	1	0.69748	0.0	0.0	0.69748	0.69748	1
Integral	Original	RF	grid_best_fold2	0.67	0.0	0.0	0.67	0.67	1	0.52941	0.0	0.0	0.52941	0.52941	1	0.51429	0.0	0.0	0.51429	0.51429	1	0.52174	0.0	0.0	0.52174	0.52174	1	0.70154	0.0	0.0	0.70154	0.70154	1
Integral	Original	RF	grid_best_fold3	0.73	0.0	0.0	0.73	0.73	1	0.64516	0.0	0.0	0.64516	0.64516	1	0.55556	0.0	0.0	0.55556	0.55556	1	0.59701	0.0	0.0	0.59701	0.59701	1	0.80078	0.0	0.0	0.80078	0.80078	1
Integral	Original	RF	grid_best_fold4	0.66	0.0	0.0	0.66	0.66	1	0.54545	0.0	0.0	0.54545	0.54545	1	0.33333	0.0	0.0	0.33333	0.33333	1	0.41379	0.0	0.0	0.41379	0.41379	1	0.7322	0.0	0.0	0.7322	0.7322	1
Integral	Original	RF	grid_best_fold5	0.66	0.0	0.0	0.66	0.66	1	0.53571	0.0	0.0	0.53571	0.53571	1	0.41667	0.0	0.0	0.41667	0.41667	1	0.46875	0.0	0.0	0.46875	0.46875	1	0.72135	0.0	0.0	0.72135	0.72135	1
Integral	Original	RF	grid_best_fold6	0.65	0.0	0.0	0.65	0.65	1	0.51724	0.0	0.0	0.51724	0.51724	1	0.41667	0.0	0.0	0.41667	0.41667	1	0.46154	0.0	0.0	0.46154	0.46154	1	0.75651	0.0	0.0	0.75651	0.75651	1
Integral	Original	RF	grid_best_fold7	0.61	0.0	0.0	0.61	0.61	1	0.45946	0.0	0.0	0.45946	0.45946	1	0.47222	0.0	0.0	0.47222	0.47222	1	0.46575	0.0	0.0	0.46575	0.46575	1	0.66536	0.0	0.0	0.66536	0.66536	1
Integral	Original	RF	grid_best_fold8	0.68	0.0	0.0	0.68	0.68	1	0.54545	0.0	0.0	0.54545	0.54545	1	0.66667	0.0	0.0	0.66667	0.66667	1	0.6	0.0	0.0	0.6	0.6	1	0.75564	0.0	0.0	0.75564	0.75564	1
Integral	Original	RF	grid_best_fold9	0.67	0.0	0.0	0.67	0.67	1	0.53846	0.0	0.0	0.53846	0.53846	1	0.58333	0.0	0.0	0.58333	0.58333	1	0.56	0.0	0.0	0.56	0.56	1	0.74262	0.0	0.0	0.74262	0.74262	1
Integral	Original	SVC	grid_best_fold1	0.66	0.0	0.0	0.66	0.66	1	0.51852	0.0	0.0	0.51852	0.51852	1	0.4	0.0	0.0	0.4	0.4	1	0.45161	0.0	0.0	0.45161	0.45161	1	0.6978	0.0	0.0	0.6978	0.6978	1
Integral	Original	SVC	grid_best_fold10	0.61	0.0	0.0	0.61	0.61	1	0.43478	0.0	0.0	0.43478	0.43478	1	0.27778	0.0	0.0	0.27778	0.27778	1	0.33898	0.0	0.0	0.33898	0.33898	1	0.67188	0.0	0.0	0.67188	0.67188	1
Integral	Original	SVC	grid_best_fold2	0.64	0.0	0.0	0.64	0.64	1	0.48	0.0	0.0	0.48	0.48	1	0.34286	0.0	0.0	0.34286	0.34286	1	0.4	0.0	0.0	0.4	0.4	1	0.65714	0.0	0.0	0.65714	0.65714	1
Integral	Original	SVC	grid_best_fold3	0.67	0.0	0.0	0.67	0.67	1	0.6	0.0	0.0	0.6	0.6	1	0.25	0.0	0.0	0.25	0.25	1	0.35294	0.0	0.0	0.35294	0.35294	1	0.72569	0.0	0.0	0.72569	0.72569	1
Integral	Original	SVC	grid_best_fold4	0.64	0.0	0.0	0.64	0.64	1	0.5	0.0	0.0	0.5	0.5	1	0.11111	0.0	0.0	0.11111	0.11111	1	0.18182	0.0	0.0	0.18182	0.18182	1	0.71962	0.0	0.0	0.71962	0.71962	1
Integral	Original	SVC	grid_best_fold5	0.68	0.0	0.0	0.68	0.68	1	0.56667	0.0	0.0	0.56667	0.56667	1	0.47222	0.0	0.0	0.47222	0.47222	1	0.51515	0.0	0.0	0.51515	0.51515	1	0.74262	0.0	0.0	0.74262	0.74262	1
Integral	Original	SVC	grid_best_fold6	0.63	0.0	0.0	0.63	0.63	1	0.4	0.0	0.0	0.4	0.4	1	0.05556	0.0	0.0	0.05556	0.05556	1	0.09756	0.0	0.0	0.09756	0.09756	1	0.71875	0.0	0.0	0.71875	0.71875	1
Integral	Original	SVC	grid_best_fold7	0.63	0.0	0.0	0.63	0.63	1	0.47368	0.0	0.0	0.47368	0.47368	1	0.25	0.0	0.0	0.25	0.25	1	0.32727	0.0	0.0	0.32727	0.32727	1	0.6671	0.0	0.0	0.6671	0.6671	1
Integral	Original	SVC	grid_best_fold8	0.7	0.0	0.0	0.7	0.7	1	0.60714	0.0	0.0	0.60714	0.60714	1	0.47222	0.0	0.0	0.47222	0.47222	1	0.53125	0.0	0.0	0.53125	0.53125	1	0.74392	0.0	0.0	0.74392	0.74392	1
Integral	Original	SVC	grid_best_fold9	0.62	0.0	0.0	0.62	0.62	1	0.41667	0.0	0.0	0.41667	0.41667	1	0.13889	0.0	0.0	0.13889	0.13889	1	0.20833	0.0	0.0	0.20833	0.20833	1	0.72201	0.0	0.0	0.72201	0.72201	1
Picos	Original	AdaBoost	grid_best_fold1	0.58	0.0	0.0	0.58	0.58	1	0.40541	0.0	0.0	0.40541	0.40541	1	0.42857	0.0	0.0	0.42857	0.42857	1	0.41667	0.0	0.0	0.41667	0.41667	1	0.61956	0.0	0.0	0.61956	0.61956	1
Picos	Original	AdaBoost	grid_best_fold10	0.6	0.0	0.0	0.6	0.6	1	0.44737	0.0	0.0	0.44737	0.44737	1	0.47222	0.0	0.0	0.47222	0.47222	1	0.45946	0.0	0.0	0.45946	0.45946	1	0.65582	0.0	0.0	0.65582	0.65582	1
Picos	Original	AdaBoost	grid_best_fold2	0.6	0.0	0.0	0.6	0.6	1	0.41379	0.0	0.0	0.41379	0.41379	1	0.34286	0.0	0.0	0.34286	0.34286	1	0.375	0.0	0.0	0.375	0.375	1	0.62637	0.0	0.0	0.62637	0.62637	1
Picos	Original	AdaBoost	grid_best_fold3	0.66	0.0	0.0	0.66	0.66	1	0.53125	0.0	0.0	0.53125	0.53125	1	0.47222	0.0	0.0	0.47222	0.47222	1	0.5	0.0	0.0	0.5	0.5	1	0.76454	0.0	0.0	0.76454	0.76454	1
Picos	Original	AdaBoost	grid_best_fold4	0.68	0.0	0.0	0.68	0.68	1	0.58333	0.0	0.0	0.58333	0.58333	1	0.38889	0.0	0.0	0.38889	0.38889	1	0.46667	0.0	0.0	0.46667	0.46667	1	0.76042	0.0	0.0	0.76042	0.76042	1
Picos	Original	AdaBoost	grid_best_fold5	0.62	0.0	0.0	0.62	0.62	1	0.45833	0.0	0.0	0.45833	0.45833	1	0.30556	0.0	0.0	0.30556	0.30556	1	0.36667	0.0	0.0	0.36667	0.36667	1	0.66797	0.0	0.0	0.66797	0.66797	1
Picos	Original	AdaBoost	grid_best_fold6	0.65	0.0	0.0	0.65	0.65	1	0.51613	0.0	0.0	0.51613	0.51613	1	0.44444	0.0	0.0	0.44444	0.44444	1	0.47761	0.0	0.0	0.47761	0.47761	1	0.76649	0.0	0.0	0.76649	0.76649	1
Picos	Original	AdaBoost	grid_best_fold7	0.61	0.0	0.0	0.61	0.61	1	0.44828	0.0	0.0	0.44828	0.44828	1	0.36111	0.0	0.0	0.36111	0.36111	1	0.4	0.0	0.0	0.4	0.4	1	0.67361	0.0	0.0	0.67361	0.67361	1
Picos	Original	AdaBoost	grid_best_fold8	0.69	0.0	0.0	0.69	0.69	1	0.56757	0.0	0.0	0.56757	0.56757	1	0.58333	0.0	0.0	0.58333	0.58333	1	0.57534	0.0	0.0	0.57534	0.57534	1	0.73047	0.0	0.0	0.73047	0.73047	1
Picos	Original	AdaBoost	grid_best_fold9	0.66	0.0	0.0	0.66	0.66	1	0.52778	0.0	0.0	0.52778	0.52778	1	0.52778	0.0	0.0	0.52778	0.52778	1	0.52778	0.0	0.0	0.52778	0.52778	1	0.78407	0.0	0.0	0.78407	0.78407	1
Picos	Original	DT	grid_best_fold1	0.61	0.0	0.0	0.61	0.61	1	0.4375	0.0	0.0	0.4375	0.4375	1	0.4	0.0	0.0	0.4	0.4	1	0.41791	0.0	0.0	0.41791	0.41791	1	0.66022	0.0	0.0	0.66022	0.66022	1
Picos	Original	DT	grid_best_fold10	0.63	0.0	0.0	0.63	0.63	1	0.48	0.0	0.0	0.48	0.48	1	0.33333	0.0	0.0	0.33333	0.33333	1	0.39344	0.0	0.0	0.39344	0.39344	1	0.68251	0.0	0.0	0.68251	0.68251	1
Picos	Original	DT	grid_best_fold2	0.59	0.0	0.0	0.59	0.59	1	0.42105	0.0	0.0	0.42105	0.42105	1	0.45714	0.0	0.0	0.45714	0.45714	1	0.43836	0.0	0.0	0.43836	0.43836	1	0.55934	0.0	0.0	0.55934	0.55934	1
Picos	Original	DT	grid_best_fold3	0.69	0.0	0.0	0.69	0.69	1	0.55814	0.0	0.0	0.55814	0.55814	1	0.66667	0.0	0.0	0.66667	0.66667	1	0.60759	0.0	0.0	0.60759	0.60759	1	0.7832	0.0	0.0	0.7832	0.7832	1
Picos	Original	DT	grid_best_fold4	0.58	0.0	0.0	0.58	0.58	1	0.44231	0.0	0.0	0.44231	0.44231	1	0.63889	0.0	0.0	0.63889	0.63889	1	0.52273	0.0	0.0	0.52273	0.52273	1	0.66168	0.0	0.0	0.66168	0.66168	1
Picos	Original	DT	grid_best_fold5	0.62	0.0	0.0	0.62	0.62	1	0.475	0.0	0.0	0.475	0.475	1	0.52778	0.0	0.0	0.52778	0.52778	1	0.5	0.0	0.0	0.5	0.5	1	0.59983	0.0	0.0	0.59983	0.59983	1
Picos	Original	DT	grid_best_fold6	0.67	0.0	0.0	0.67	0.67	1	0.55556	0.0	0.0	0.55556	0.55556	1	0.41667	0.0	0.0	0.41667	0.41667	1	0.47619	0.0	0.0	0.47619	0.47619	1	0.74805	0.0	0.0	0.74805	0.74805	1
Picos	Original	DT	grid_best_fold7	0.69	0.0	0.0	0.69	0.69	1	0.55814	0.0	0.0	0.55814	0.55814	1	0.66667	0.0	0.0	0.66667	0.66667	1	0.60759	0.0	0.0	0.60759	0.60759	1	0.6849	0.0	0.0	0.6849	0.6849	1
Picos	Original	DT	grid_best_fold8	0.68	0.0	0.0	0.68	0.68	1	0.56667	0.0	0.0	0.56667	0.56667	1	0.47222	0.0	0.0	0.47222	0.47222	1	0.51515	0.0	0.0	0.51515	0.51515	1	0.71463	0.0	0.0	0.71463	0.71463	1
Picos	Original	DT	grid_best_fold9	0.61	0.0	0.0	0.61	0.61	1	0.45161	0.0	0.0	0.45161	0.45161	1	0.38889	0.0	0.0	0.38889	0.38889	1	0.41791	0.0	0.0	0.41791	0.41791	1	0.56163	0.0	0.0	0.56163	0.56163	1
Picos	Original	ExtraTrees	grid_best_fold1	0.57	0.0	0.0	0.57	0.57	1	0.4	0.0	0.0	0.4	0.4	1	0.45714	0.0	0.0	0.45714	0.45714	1	0.42667	0.0	0.0	0.42667	0.42667	1	0.64044	0.0	0.0	0.64044	0.64044	1
Picos	Original	ExtraTrees	grid_best_fold10	0.68	0.0	0.0	0.68	0.68	1	0.55556	0.0	0.0	0.55556	0.55556	1	0.55556	0.0	0.0	0.55556	0.55556	1	0.55556	0.0	0.0	0.55556	0.55556	1	0.72157	0.0	0.0	0.72157	0.72157	1
Picos	Original	ExtraTrees	grid_best_fold2	0.6	0.0	0.0	0.6	0.6	1	0.4359	0.0	0.0	0.4359	0.4359	1	0.48571	0.0	0.0	0.48571	0.48571	1	0.45946	0.0	0.0	0.45946	0.45946	1	0.67956	0.0	0.0	0.67956	0.67956	1
Picos	Original	ExtraTrees	grid_best_fold3	0.75	0.0	0.0	0.75	0.75	1	0.66667	0.0	0.0	0.66667	0.66667	1	0.61111	0.0	0.0	0.61111	0.61111	1	0.63768	0.0	0.0	0.63768	0.63768	1	0.81055	0.0	0.0	0.81055	0.81055	1
Picos	Original	ExtraTrees	grid_best_fold4	0.63	0.0	0.0	0.63	0.63	1	0.48148	0.0	0.0	0.48148	0.48148	1	0.36111	0.0	0.0	0.36111	0.36111	1	0.4127	0.0	0.0	0.4127	0.4127	1	0.73416	0.0	0.0	0.73416	0.73416	1
Picos	Original	ExtraTrees	grid_best_fold5	0.69	0.0	0.0	0.69	0.69	1	0.57576	0.0	0.0	0.57576	0.57576	1	0.52778	0.0	0.0	0.52778	0.52778	1	0.55072	0.0	0.0	0.55072	0.55072	1	0.76953	0.0	0.0	0.76953	0.76953	1
Picos	Original	ExtraTrees	grid_best_fold6	0.64	0.0	0.0	0.64	0.64	1	0.5	0.0	0.0	0.5	0.5	1	0.36111	0.0	0.0	0.36111	0.36111	1	0.41935	0.0	0.0	0.41935	0.41935	1	0.74653	0.0	0.0	0.74653	0.74653	1
Picos	Original	ExtraTrees	grid_best_fold7	0.72	0.0	0.0	0.72	0.72	1	0.61765	0.0	0.0	0.61765	0.61765	1	0.58333	0.0	0.0	0.58333	0.58333	1	0.6	0.0	0.0	0.6	0.6	1	0.74935	0.0	0.0	0.74935	0.74935	1
Picos	Original	ExtraTrees	grid_best_fold8	0.65	0.0	0.0	0.65	0.65	1	0.51282	0.0	0.0	0.51282	0.51282	1	0.55556	0.0	0.0	0.55556	0.55556	1	0.53333	0.0	0.0	0.53333	0.53333	1	0.73589	0.0	0.0	0.73589	0.73589	1
Picos	Original	ExtraTrees	grid_best_fold9	0.68	0.0	0.0	0.68	0.68	1	0.55882	0.0	0.0	0.55882	0.55882	1	0.52778	0.0	0.0	0.52778	0.52778	1	0.54286	0.0	0.0	0.54286	0.54286	1	0.74479	0.0	0.0	0.74479	0.74479	1
Picos	Original	GaussianNB	grid_best_fold1	0.55	0.0	0.0	0.55	0.55	1	0.4375	0.0	0.0	0.4375	0.4375	1	1.0	0.0	0.0	1.0	1.0	1	0.6087	0.0	0.0	0.6087	0.6087	1	0.65385	0.0	0.0	0.65385	0.65385	1
Picos	Original	GaussianNB	grid_best_fold10	0.6	0.0	0.0	0.6	0.6	1	0.47297	0.0	0.0	0.47297	0.47297	1	0.97222	0.0	0.0	0.97222	0.97222	1	0.63636	0.0	0.0	0.63636	0.63636	1	0.68121	0.0	0.0	0.68121	0.68121	1
Picos	Original	GaussianNB	grid_best_fold2	0.54	0.0	0.0	0.54	0.54	1	0.4321	0.0	0.0	0.4321	0.4321	1	1.0	0.0	0.0	1.0	1.0	1	0.60345	0.0	0.0	0.60345	0.60345	1	0.66154	0.0	0.0	0.66154	0.66154	1
Picos	Original	GaussianNB	grid_best_fold3	0.64	0.0	0.0	0.64	0.64	1	0.5	0.0	0.0	0.5	0.5	1	0.97222	0.0	0.0	0.97222	0.97222	1	0.66038	0.0	0.0	0.66038	0.66038	1	0.71246	0.0	0.0	0.71246	0.71246	1
Picos	Original	GaussianNB	grid_best_fold4	0.65	0.0	0.0	0.65	0.65	1	0.50704	0.0	0.0	0.50704	0.50704	1	1.0	0.0	0.0	1.0	1.0	1	0.6729	0.0	0.0	0.6729	0.6729	1	0.71897	0.0	0.0	0.71897	0.71897	1
Picos	Original	GaussianNB	grid_best_fold5	0.67	0.0	0.0	0.67	0.67	1	0.52174	0.0	0.0	0.52174	0.52174	1	1.0	0.0	0.0	1.0	1.0	1	0.68571	0.0	0.0	0.68571	0.68571	1	0.75	0.0	0.0	0.75	0.75	1
Picos	Original	GaussianNB	grid_best_fold6	0.72	0.0	0.0	0.72	0.72	1	0.5625	0.0	0.0	0.5625	0.5625	1	1.0	0.0	0.0	1.0	1.0	1	0.72	0.0	0.0	0.72	0.72	1	0.78125	0.0	0.0	0.78125	0.78125	1
Picos	Original	GaussianNB	grid_best_fold7	0.61	0.0	0.0	0.61	0.61	1	0.48	0.0	0.0	0.48	0.48	1	1.0	0.0	0.0	1.0	1.0	1	0.64865	0.0	0.0	0.64865	0.64865	1	0.69531	0.0	0.0	0.69531	0.69531	1
Picos	Original	GaussianNB	grid_best_fold8	0.57	0.0	0.0	0.57	0.57	1	0.45333	0.0	0.0	0.45333	0.45333	1	0.94444	0.0	0.0	0.94444	0.94444	1	0.61261	0.0	0.0	0.61261	0.61261	1	0.65191	0.0	0.0	0.65191	0.65191	1
Picos	Original	GaussianNB	grid_best_fold9	0.63	0.0	0.0	0.63	0.63	1	0.49315	0.0	0.0	0.49315	0.49315	1	1.0	0.0	0.0	1.0	1.0	1	0.66055	0.0	0.0	0.66055	0.66055	1	0.71094	0.0	0.0	0.71094	0.71094	1
Picos	Original	GradientBoosting	grid_best_fold1	0.6	0.0	0.0	0.6	0.6	1	0.42424	0.0	0.0	0.42424	0.42424	1	0.4	0.0	0.0	0.4	0.4	1	0.41176	0.0	0.0	0.41176	0.41176	1	0.62418	0.0	0.0	0.62418	0.62418	1
Picos	Original	GradientBoosting	grid_best_fold10	0.64	0.0	0.0	0.64	0.64	1	0.5	0.0	0.0	0.5	0.5	1	0.5	0.0	0.0	0.5	0.5	1	0.5	0.0	0.0	0.5	0.5	1	0.71311	0.0	0.0	0.71311	0.71311	1
Picos	Original	GradientBoosting	grid_best_fold2	0.63	0.0	0.0	0.63	0.63	1	0.47059	0.0	0.0	0.47059	0.47059	1	0.45714	0.0	0.0	0.45714	0.45714	1	0.46377	0.0	0.0	0.46377	0.46377	1	0.66462	0.0	0.0	0.66462	0.66462	1
Picos	Original	GradientBoosting	grid_best_fold3	0.7	0.0	0.0	0.7	0.7	1	0.57895	0.0	0.0	0.57895	0.57895	1	0.61111	0.0	0.0	0.61111	0.61111	1	0.59459	0.0	0.0	0.59459	0.59459	1	0.79449	0.0	0.0	0.79449	0.79449	1
Picos	Original	GradientBoosting	grid_best_fold4	0.72	0.0	0.0	0.72	0.72	1	0.64286	0.0	0.0	0.64286	0.64286	1	0.5	0.0	0.0	0.5	0.5	1	0.5625	0.0	0.0	0.5625	0.5625	1	0.7895	0.0	0.0	0.7895	0.7895	1
Picos	Original	GradientBoosting	grid_best_fold5	0.59	0.0	0.0	0.59	0.59	1	0.4	0.0	0.0	0.4	0.4	1	0.27778	0.0	0.0	0.27778	0.27778	1	0.32787	0.0	0.0	0.32787	0.32787	1	0.69141	0.0	0.0	0.69141	0.69141	1
Picos	Original	GradientBoosting	grid_best_fold6	0.71	0.0	0.0	0.71	0.71	1	0.64	0.0	0.0	0.64	0.64	1	0.44444	0.0	0.0	0.44444	0.44444	1	0.52459	0.0	0.0	0.52459	0.52459	1	0.76997	0.0	0.0	0.76997	0.76997	1
Picos	Original	GradientBoosting	grid_best_fold7	0.64	0.0	0.0	0.64	0.64	1	0.5	0.0	0.0	0.5	0.5	1	0.5	0.0	0.0	0.5	0.5	1	0.5	0.0	0.0	0.5	0.5	1	0.67752	0.0	0.0	0.67752	0.67752	1
Picos	Original	GradientBoosting	grid_best_fold8	0.66	0.0	0.0	0.66	0.66	1	0.52381	0.0	0.0	0.52381	0.52381	1	0.61111	0.0	0.0	0.61111	0.61111	1	0.5641	0.0	0.0	0.5641	0.5641	1	0.7487	0.0	0.0	0.7487	0.7487	1
Picos	Original	GradientBoosting	grid_best_fold9	0.66	0.0	0.0	0.66	0.66	1	0.52778	0.0	0.0	0.52778	0.52778	1	0.52778	0.0	0.0	0.52778	0.52778	1	0.52778	0.0	0.0	0.52778	0.52778	1	0.73655	0.0	0.0	0.73655	0.73655	1
Picos	Original	HistGradientBoosting	grid_best_fold1	0.53	0.0	0.0	0.53	0.53	1	0.35	0.0	0.0	0.35	0.35	1	0.4	0.0	0.0	0.4	0.4	1	0.37333	0.0	0.0	0.37333	0.37333	1	0.59385	0.0	0.0	0.59385	0.59385	1
Picos	Original	HistGradientBoosting	grid_best_fold10	0.61	0.0	0.0	0.61	0.61	1	0.46512	0.0	0.0	0.46512	0.46512	1	0.55556	0.0	0.0	0.55556	0.55556	1	0.50633	0.0	0.0	0.50633	0.50633	1	0.71224	0.0	0.0	0.71224	0.71224	1
Picos	Original	HistGradientBoosting	grid_best_fold2	0.6	0.0	0.0	0.6	0.6	1	0.43902	0.0	0.0	0.43902	0.43902	1	0.51429	0.0	0.0	0.51429	0.51429	1	0.47368	0.0	0.0	0.47368	0.47368	1	0.6989	0.0	0.0	0.6989	0.6989	1
Picos	Original	HistGradientBoosting	grid_best_fold3	0.7	0.0	0.0	0.7	0.7	1	0.57895	0.0	0.0	0.57895	0.57895	1	0.61111	0.0	0.0	0.61111	0.61111	1	0.59459	0.0	0.0	0.59459	0.59459	1	0.79601	0.0	0.0	0.79601	0.79601	1
Picos	Original	HistGradientBoosting	grid_best_fold4	0.72	0.0	0.0	0.72	0.72	1	0.625	0.0	0.0	0.625	0.625	1	0.55556	0.0	0.0	0.55556	0.55556	1	0.58824	0.0	0.0	0.58824	0.58824	1	0.76259	0.0	0.0	0.76259	0.76259	1
Picos	Original	HistGradientBoosting	grid_best_fold5	0.65	0.0	0.0	0.65	0.65	1	0.51724	0.0	0.0	0.51724	0.51724	1	0.41667	0.0	0.0	0.41667	0.41667	1	0.46154	0.0	0.0	0.46154	0.46154	1	0.72569	0.0	0.0	0.72569	0.72569	1
Picos	Original	HistGradientBoosting	grid_best_fold6	0.67	0.0	0.0	0.67	0.67	1	0.55172	0.0	0.0	0.55172	0.55172	1	0.44444	0.0	0.0	0.44444	0.44444	1	0.49231	0.0	0.0	0.49231	0.49231	1	0.75868	0.0	0.0	0.75868	0.75868	1
Picos	Original	HistGradientBoosting	grid_best_fold7	0.67	0.0	0.0	0.67	0.67	1	0.54286	0.0	0.0	0.54286	0.54286	1	0.52778	0.0	0.0	0.52778	0.52778	1	0.53521	0.0	0.0	0.53521	0.53521	1	0.70399	0.0	0.0	0.70399	0.70399	1
Picos	Original	HistGradientBoosting	grid_best_fold8	0.65	0.0	0.0	0.65	0.65	1	0.51429	0.0	0.0	0.51429	0.51429	1	0.5	0.0	0.0	0.5	0.5	1	0.50704	0.0	0.0	0.50704	0.50704	1	0.75564	0.0	0.0	0.75564	0.75564	1
Picos	Original	HistGradientBoosting	grid_best_fold9	0.63	0.0	0.0	0.63	0.63	1	0.48718	0.0	0.0	0.48718	0.48718	1	0.52778	0.0	0.0	0.52778	0.52778	1	0.50667	0.0	0.0	0.50667	0.50667	1	0.73611	0.0	0.0	0.73611	0.73611	1
Picos	Original	KNN	grid_best_fold1	0.67	0.0	0.0	0.67	0.67	1	0.52778	0.0	0.0	0.52778	0.52778	1	0.54286	0.0	0.0	0.54286	0.54286	1	0.53521	0.0	0.0	0.53521	0.53521	1	0.71253	0.0	0.0	0.71253	0.71253	1
Picos	Original	KNN	grid_best_fold10	0.68	0.0	0.0	0.68	0.68	1	0.55882	0.0	0.0	0.55882	0.55882	1	0.52778	0.0	0.0	0.52778	0.52778	1	0.54286	0.0	0.0	0.54286	0.54286	1	0.77756	0.0	0.0	0.77756	0.77756	1
Picos	Original	KNN	grid_best_fold2	0.62	0.0	0.0	0.62	0.62	1	0.45714	0.0	0.0	0.45714	0.45714	1	0.45714	0.0	0.0	0.45714	0.45714	1	0.45714	0.0	0.0	0.45714	0.45714	1	0.61868	0.0	0.0	0.61868	0.61868	1
Picos	Original	KNN	grid_best_fold3	0.73	0.0	0.0	0.73	0.73	1	0.64516	0.0	0.0	0.64516	0.64516	1	0.55556	0.0	0.0	0.55556	0.55556	1	0.59701	0.0	0.0	0.59701	0.59701	1	0.80686	0.0	0.0	0.80686	0.80686	1
Picos	Original	KNN	grid_best_fold4	0.59	0.0	0.0	0.59	0.59	1	0.4	0.0	0.0	0.4	0.4	1	0.27778	0.0	0.0	0.27778	0.27778	1	0.32787	0.0	0.0	0.32787	0.32787	1	0.6773	0.0	0.0	0.6773	0.6773	1
Picos	Original	KNN	grid_best_fold5	0.66	0.0	0.0	0.66	0.66	1	0.53846	0.0	0.0	0.53846	0.53846	1	0.38889	0.0	0.0	0.38889	0.38889	1	0.45161	0.0	0.0	0.45161	0.45161	1	0.7092	0.0	0.0	0.7092	0.7092	1
Picos	Original	KNN	grid_best_fold6	0.75	0.0	0.0	0.75	0.75	1	0.7037	0.0	0.0	0.7037	0.7037	1	0.52778	0.0	0.0	0.52778	0.52778	1	0.60317	0.0	0.0	0.60317	0.60317	1	0.80469	0.0	0.0	0.80469	0.80469	1
Picos	Original	KNN	grid_best_fold7	0.64	0.0	0.0	0.64	0.64	1	0.5	0.0	0.0	0.5	0.5	1	0.5	0.0	0.0	0.5	0.5	1	0.5	0.0	0.0	0.5	0.5	1	0.70182	0.0	0.0	0.70182	0.70182	1
Picos	Original	KNN	grid_best_fold8	0.68	0.0	0.0	0.68	0.68	1	0.54545	0.0	0.0	0.54545	0.54545	1	0.66667	0.0	0.0	0.66667	0.66667	1	0.6	0.0	0.0	0.6	0.6	1	0.76736	0.0	0.0	0.76736	0.76736	1
Picos	Original	KNN	grid_best_fold9	0.71	0.0	0.0	0.71	0.71	1	0.58974	0.0	0.0	0.58974	0.58974	1	0.63889	0.0	0.0	0.63889	0.63889	1	0.61333	0.0	0.0	0.61333	0.61333	1	0.72938	0.0	0.0	0.72938	0.72938	1
Picos	Original	LR	grid_best_fold1	0.65	0.0	0.0	0.65	0.65	1	0.5	0.0	0.0	0.5	0.5	1	0.45714	0.0	0.0	0.45714	0.45714	1	0.47761	0.0	0.0	0.47761	0.47761	1	0.71648	0.0	0.0	0.71648	0.71648	1
Picos	Original	LR	grid_best_fold10	0.69	0.0	0.0	0.69	0.69	1	0.58621	0.0	0.0	0.58621	0.58621	1	0.47222	0.0	0.0	0.47222	0.47222	1	0.52308	0.0	0.0	0.52308	0.52308	1	0.72135	0.0	0.0	0.72135	0.72135	1
Picos	Original	LR	grid_best_fold2	0.64	0.0	0.0	0.64	0.64	1	0.48485	0.0	0.0	0.48485	0.48485	1	0.45714	0.0	0.0	0.45714	0.45714	1	0.47059	0.0	0.0	0.47059	0.47059	1	0.71341	0.0	0.0	0.71341	0.71341	1
Picos	Original	LR	grid_best_fold3	0.66	0.0	0.0	0.66	0.66	1	0.53125	0.0	0.0	0.53125	0.53125	1	0.47222	0.0	0.0	0.47222	0.47222	1	0.5	0.0	0.0	0.5	0.5	1	0.72917	0.0	0.0	0.72917	0.72917	1
Picos	Original	LR	grid_best_fold4	0.7	0.0	0.0	0.7	0.7	1	0.6	0.0	0.0	0.6	0.6	1	0.5	0.0	0.0	0.5	0.5	1	0.54545	0.0	0.0	0.54545	0.54545	1	0.75694	0.0	0.0	0.75694	0.75694	1
Picos	Original	LR	grid_best_fold5	0.64	0.0	0.0	0.64	0.64	1	0.5	0.0	0.0	0.5	0.5	1	0.33333	0.0	0.0	0.33333	0.33333	1	0.4	0.0	0.0	0.4	0.4	1	0.71484	0.0	0.0	0.71484	0.71484	1
Picos	Original	LR	grid_best_fold6	0.62	0.0	0.0	0.62	0.62	1	0.46154	0.0	0.0	0.46154	0.46154	1	0.33333	0.0	0.0	0.33333	0.33333	1	0.3871	0.0	0.0	0.3871	0.3871	1	0.76215	0.0	0.0	0.76215	0.76215	1
Picos	Original	LR	grid_best_fold7	0.54	0.0	0.0	0.54	0.54	1	0.36842	0.0	0.0	0.36842	0.36842	1	0.38889	0.0	0.0	0.38889	0.38889	1	0.37838	0.0	0.0	0.37838	0.37838	1	0.62457	0.0	0.0	0.62457	0.62457	1
Picos	Original	LR	grid_best_fold8	0.64	0.0	0.0	0.64	0.64	1	0.5	0.0	0.0	0.5	0.5	1	0.61111	0.0	0.0	0.61111	0.61111	1	0.55	0.0	0.0	0.55	0.55	1	0.69575	0.0	0.0	0.69575	0.69575	1
Picos	Original	LR	grid_best_fold9	0.66	0.0	0.0	0.66	0.66	1	0.53125	0.0	0.0	0.53125	0.53125	1	0.47222	0.0	0.0	0.47222	0.47222	1	0.5	0.0	0.0	0.5	0.5	1	0.72569	0.0	0.0	0.72569	0.72569	1
Picos	Original	RF	grid_best_fold1	0.56	0.0	0.0	0.56	0.56	1	0.39535	0.0	0.0	0.39535	0.39535	1	0.48571	0.0	0.0	0.48571	0.48571	1	0.4359	0.0	0.0	0.4359	0.4359	1	0.62484	0.0	0.0	0.62484	0.62484	1
Picos	Original	RF	grid_best_fold10	0.62	0.0	0.0	0.62	0.62	1	0.47727	0.0	0.0	0.47727	0.47727	1	0.58333	0.0	0.0	0.58333	0.58333	1	0.525	0.0	0.0	0.525	0.525	1	0.70985	0.0	0.0	0.70985	0.70985	1
Picos	Original	RF	grid_best_fold2	0.65	0.0	0.0	0.65	0.65	1	0.5	0.0	0.0	0.5	0.5	1	0.42857	0.0	0.0	0.42857	0.42857	1	0.46154	0.0	0.0	0.46154	0.46154	1	0.67297	0.0	0.0	0.67297	0.67297	1
Picos	Original	RF	grid_best_fold3	0.73	0.0	0.0	0.73	0.73	1	0.63636	0.0	0.0	0.63636	0.63636	1	0.58333	0.0	0.0	0.58333	0.58333	1	0.6087	0.0	0.0	0.6087	0.6087	1	0.79536	0.0	0.0	0.79536	0.79536	1
Picos	Original	RF	grid_best_fold4	0.65	0.0	0.0	0.65	0.65	1	0.52	0.0	0.0	0.52	0.52	1	0.36111	0.0	0.0	0.36111	0.36111	1	0.42623	0.0	0.0	0.42623	0.42623	1	0.72569	0.0	0.0	0.72569	0.72569	1
Picos	Original	RF	grid_best_fold5	0.68	0.0	0.0	0.68	0.68	1	0.55556	0.0	0.0	0.55556	0.55556	1	0.55556	0.0	0.0	0.55556	0.55556	1	0.55556	0.0	0.0	0.55556	0.55556	1	0.71962	0.0	0.0	0.71962	0.71962	1
Picos	Original	RF	grid_best_fold6	0.62	0.0	0.0	0.62	0.62	1	0.45833	0.0	0.0	0.45833	0.45833	1	0.30556	0.0	0.0	0.30556	0.30556	1	0.36667	0.0	0.0	0.36667	0.36667	1	0.74566	0.0	0.0	0.74566	0.74566	1
Picos	Original	RF	grid_best_fold7	0.6	0.0	0.0	0.6	0.6	1	0.43333	0.0	0.0	0.43333	0.43333	1	0.36111	0.0	0.0	0.36111	0.36111	1	0.39394	0.0	0.0	0.39394	0.39394	1	0.68446	0.0	0.0	0.68446	0.68446	1
Picos	Original	RF	grid_best_fold8	0.67	0.0	0.0	0.67	0.67	1	0.53488	0.0	0.0	0.53488	0.53488	1	0.63889	0.0	0.0	0.63889	0.63889	1	0.58228	0.0	0.0	0.58228	0.58228	1	0.75499	0.0	0.0	0.75499	0.75499	1
Picos	Original	RF	grid_best_fold9	0.66	0.0	0.0	0.66	0.66	1	0.525	0.0	0.0	0.525	0.525	1	0.58333	0.0	0.0	0.58333	0.58333	1	0.55263	0.0	0.0	0.55263	0.55263	1	0.73893	0.0	0.0	0.73893	0.73893	1
Picos	Original	SVC	grid_best_fold1	0.7	0.0	0.0	0.7	0.7	1	0.6087	0.0	0.0	0.6087	0.6087	1	0.4	0.0	0.0	0.4	0.4	1	0.48276	0.0	0.0	0.48276	0.48276	1	0.72703	0.0	0.0	0.72703	0.72703	1
Picos	Original	SVC	grid_best_fold10	0.65	0.0	0.0	0.65	0.65	1	0.52381	0.0	0.0	0.52381	0.52381	1	0.30556	0.0	0.0	0.30556	0.30556	1	0.38596	0.0	0.0	0.38596	0.38596	1	0.73785	0.0	0.0	0.73785	0.73785	1
Picos	Original	SVC	grid_best_fold2	0.68	0.0	0.0	0.68	0.68	1	0.56522	0.0	0.0	0.56522	0.56522	1	0.37143	0.0	0.0	0.37143	0.37143	1	0.44828	0.0	0.0	0.44828	0.44828	1	0.70066	0.0	0.0	0.70066	0.70066	1
Picos	Original	SVC	grid_best_fold3	0.64	0.0	0.0	0.64	0.64	1	0.5	0.0	0.0	0.5	0.5	1	0.38889	0.0	0.0	0.38889	0.38889	1	0.4375	0.0	0.0	0.4375	0.4375	1	0.71072	0.0	0.0	0.71072	0.71072	1
Picos	Original	SVC	grid_best_fold4	0.7	0.0	0.0	0.7	0.7	1	0.625	0.0	0.0	0.625	0.625	1	0.41667	0.0	0.0	0.41667	0.41667	1	0.5	0.0	0.0	0.5	0.5	1	0.7526	0.0	0.0	0.7526	0.7526	1
Picos	Original	SVC	grid_best_fold5	0.59	0.0	0.0	0.59	0.59	1	0.3913	0.0	0.0	0.3913	0.3913	1	0.25	0.0	0.0	0.25	0.25	1	0.30508	0.0	0.0	0.30508	0.30508	1	0.68793	0.0	0.0	0.68793	0.68793	1
Picos	Original	SVC	grid_best_fold6	0.62	0.0	0.0	0.62	0.62	1	0.45455	0.0	0.0	0.45455	0.45455	1	0.27778	0.0	0.0	0.27778	0.27778	1	0.34483	0.0	0.0	0.34483	0.34483	1	0.71528	0.0	0.0	0.71528	0.71528	1
Picos	Original	SVC	grid_best_fold7	0.53	0.0	0.0	0.53	0.53	1	0.32258	0.0	0.0	0.32258	0.32258	1	0.27778	0.0	0.0	0.27778	0.27778	1	0.29851	0.0	0.0	0.29851	0.29851	1	0.64714	0.0	0.0	0.64714	0.64714	1
Picos	Original	SVC	grid_best_fold8	0.73	0.0	0.0	0.73	0.73	1	0.66667	0.0	0.0	0.66667	0.66667	1	0.5	0.0	0.0	0.5	0.5	1	0.57143	0.0	0.0	0.57143	0.57143	1	0.7526	0.0	0.0	0.7526	0.7526	1
Picos	Original	SVC	grid_best_fold9	0.68	0.0	0.0	0.68	0.68	1	0.64286	0.0	0.0	0.64286	0.64286	1	0.25	0.0	0.0	0.25	0.25	1	0.36	0.0	0.0	0.36	0.36	1	0.74349	0.0	0.0	0.74349	0.74349	1
Recente	Original	AdaBoost	grid_best_fold1	0.65	0.0	0.0	0.65	0.65	1	0.5	0.0	0.0	0.5	0.5	1	0.65714	0.0	0.0	0.65714	0.65714	1	0.5679	0.0	0.0	0.5679	0.5679	1	0.7222	0.0	0.0	0.7222	0.7222	1
Recente	Original	AdaBoost	grid_best_fold10	0.6	0.0	0.0	0.6	0.6	1	0.44444	0.0	0.0	0.44444	0.44444	1	0.44444	0.0	0.0	0.44444	0.44444	1	0.44444	0.0	0.0	0.44444	0.44444	1	0.65017	0.0	0.0	0.65017	0.65017	1
Recente	Original	AdaBoost	grid_best_fold2	0.63	0.0	0.0	0.63	0.63	1	0.47368	0.0	0.0	0.47368	0.47368	1	0.51429	0.0	0.0	0.51429	0.51429	1	0.49315	0.0	0.0	0.49315	0.49315	1	0.67165	0.0	0.0	0.67165	0.67165	1
Recente	Original	AdaBoost	grid_best_fold3	0.69	0.0	0.0	0.69	0.69	1	0.6	0.0	0.0	0.6	0.6	1	0.41667	0.0	0.0	0.41667	0.41667	1	0.4918	0.0	0.0	0.4918	0.4918	1	0.75738	0.0	0.0	0.75738	0.75738	1
Recente	Original	AdaBoost	grid_best_fold4	0.62	0.0	0.0	0.62	0.62	1	0.46429	0.0	0.0	0.46429	0.46429	1	0.36111	0.0	0.0	0.36111	0.36111	1	0.40625	0.0	0.0	0.40625	0.40625	1	0.71875	0.0	0.0	0.71875	0.71875	1
Recente	Original	AdaBoost	grid_best_fold5	0.55	0.0	0.0	0.55	0.55	1	0.34483	0.0	0.0	0.34483	0.34483	1	0.27778	0.0	0.0	0.27778	0.27778	1	0.30769	0.0	0.0	0.30769	0.30769	1	0.63129	0.0	0.0	0.63129	0.63129	1
Recente	Original	AdaBoost	grid_best_fold6	0.63	0.0	0.0	0.63	0.63	1	0.48	0.0	0.0	0.48	0.48	1	0.33333	0.0	0.0	0.33333	0.33333	1	0.39344	0.0	0.0	0.39344	0.39344	1	0.74653	0.0	0.0	0.74653	0.74653	1
Recente	Original	AdaBoost	grid_best_fold7	0.53	0.0	0.0	0.53	0.53	1	0.35135	0.0	0.0	0.35135	0.35135	1	0.36111	0.0	0.0	0.36111	0.36111	1	0.35616	0.0	0.0	0.35616	0.35616	1	0.6454	0.0	0.0	0.6454	0.6454	1
Recente	Original	AdaBoost	grid_best_fold8	0.69	0.0	0.0	0.69	0.69	1	0.58065	0.0	0.0	0.58065	0.58065	1	0.5	0.0	0.0	0.5	0.5	1	0.53731	0.0	0.0	0.53731	0.53731	1	0.7079	0.0	0.0	0.7079	0.7079	1
Recente	Original	AdaBoost	grid_best_fold9	0.67	0.0	0.0	0.67	0.67	1	0.54545	0.0	0.0	0.54545	0.54545	1	0.5	0.0	0.0	0.5	0.5	1	0.52174	0.0	0.0	0.52174	0.52174	1	0.74219	0.0	0.0	0.74219	0.74219	1
Recente	Original	DT	grid_best_fold1	0.63	0.0	0.0	0.63	0.63	1	0.45833	0.0	0.0	0.45833	0.45833	1	0.31429	0.0	0.0	0.31429	0.31429	1	0.37288	0.0	0.0	0.37288	0.37288	1	0.65582	0.0	0.0	0.65582	0.65582	1
Recente	Original	DT	grid_best_fold10	0.7	0.0	0.0	0.7	0.7	1	0.55172	0.0	0.0	0.55172	0.55172	1	0.88889	0.0	0.0	0.88889	0.88889	1	0.68085	0.0	0.0	0.68085	0.68085	1	0.76237	0.0	0.0	0.76237	0.76237	1
Recente	Original	DT	grid_best_fold2	0.57	0.0	0.0	0.57	0.57	1	0.40476	0.0	0.0	0.40476	0.40476	1	0.48571	0.0	0.0	0.48571	0.48571	1	0.44156	0.0	0.0	0.44156	0.44156	1	0.55429	0.0	0.0	0.55429	0.55429	1
Recente	Original	DT	grid_best_fold3	0.72	0.0	0.0	0.72	0.72	1	0.65385	0.0	0.0	0.65385	0.65385	1	0.47222	0.0	0.0	0.47222	0.47222	1	0.54839	0.0	0.0	0.54839	0.54839	1	0.6658	0.0	0.0	0.6658	0.6658	1
Recente	Original	DT	grid_best_fold4	0.62	0.0	0.0	0.62	0.62	1	0.46429	0.0	0.0	0.46429	0.46429	1	0.36111	0.0	0.0	0.36111	0.36111	1	0.40625	0.0	0.0	0.40625	0.40625	1	0.60373	0.0	0.0	0.60373	0.60373	1
Recente	Original	DT	grid_best_fold5	0.67	0.0	0.0	0.67	0.67	1	0.53846	0.0	0.0	0.53846	0.53846	1	0.58333	0.0	0.0	0.58333	0.58333	1	0.56	0.0	0.0	0.56	0.56	1	0.65104	0.0	0.0	0.65104	0.65104	1
Recente	Original	DT	grid_best_fold6	0.67	0.0	0.0	0.67	0.67	1	0.56	0.0	0.0	0.56	0.56	1	0.38889	0.0	0.0	0.38889	0.38889	1	0.45902	0.0	0.0	0.45902	0.45902	1	0.60851	0.0	0.0	0.60851	0.60851	1
Recente	Original	DT	grid_best_fold7	0.61	0.0	0.0	0.61	0.61	1	0.42857	0.0	0.0	0.42857	0.42857	1	0.25	0.0	0.0	0.25	0.25	1	0.31579	0.0	0.0	0.31579	0.31579	1	0.65951	0.0	0.0	0.65951	0.65951	1
Recente	Original	DT	grid_best_fold8	0.59	0.0	0.0	0.59	0.59	1	0.44186	0.0	0.0	0.44186	0.44186	1	0.52778	0.0	0.0	0.52778	0.52778	1	0.48101	0.0	0.0	0.48101	0.48101	1	0.57639	0.0	0.0	0.57639	0.57639	1
Recente	Original	DT	grid_best_fold9	0.68	0.0	0.0	0.68	0.68	1	0.55556	0.0	0.0	0.55556	0.55556	1	0.55556	0.0	0.0	0.55556	0.55556	1	0.55556	0.0	0.0	0.55556	0.55556	1	0.65278	0.0	0.0	0.65278	0.65278	1
Recente	Original	ExtraTrees	grid_best_fold1	0.58	0.0	0.0	0.58	0.58	1	0.41463	0.0	0.0	0.41463	0.41463	1	0.48571	0.0	0.0	0.48571	0.48571	1	0.44737	0.0	0.0	0.44737	0.44737	1	0.62813	0.0	0.0	0.62813	0.62813	1
Recente	Original	ExtraTrees	grid_best_fold10	0.59	0.0	0.0	0.59	0.59	1	0.4359	0.0	0.0	0.4359	0.4359	1	0.47222	0.0	0.0	0.47222	0.47222	1	0.45333	0.0	0.0	0.45333	0.45333	1	0.699	0.0	0.0	0.699	0.699	1
Recente	Original	ExtraTrees	grid_best_fold2	0.64	0.0	0.0	0.64	0.64	1	0.48571	0.0	0.0	0.48571	0.48571	1	0.48571	0.0	0.0	0.48571	0.48571	1	0.48571	0.0	0.0	0.48571	0.48571	1	0.65253	0.0	0.0	0.65253	0.65253	1
Recente	Original	ExtraTrees	grid_best_fold3	0.74	0.0	0.0	0.74	0.74	1	0.65625	0.0	0.0	0.65625	0.65625	1	0.58333	0.0	0.0	0.58333	0.58333	1	0.61765	0.0	0.0	0.61765	0.61765	1	0.80165	0.0	0.0	0.80165	0.80165	1
Recente	Original	ExtraTrees	grid_best_fold4	0.64	0.0	0.0	0.64	0.64	1	0.5	0.0	0.0	0.5	0.5	1	0.44444	0.0	0.0	0.44444	0.44444	1	0.47059	0.0	0.0	0.47059	0.47059	1	0.71528	0.0	0.0	0.71528	0.71528	1
Recente	Original	ExtraTrees	grid_best_fold5	0.66	0.0	0.0	0.66	0.66	1	0.53571	0.0	0.0	0.53571	0.53571	1	0.41667	0.0	0.0	0.41667	0.41667	1	0.46875	0.0	0.0	0.46875	0.46875	1	0.76345	0.0	0.0	0.76345	0.76345	1
Recente	Original	ExtraTrees	grid_best_fold6	0.65	0.0	0.0	0.65	0.65	1	0.51724	0.0	0.0	0.51724	0.51724	1	0.41667	0.0	0.0	0.41667	0.41667	1	0.46154	0.0	0.0	0.46154	0.46154	1	0.74327	0.0	0.0	0.74327	0.74327	1
Recente	Original	ExtraTrees	grid_best_fold7	0.61	0.0	0.0	0.61	0.61	1	0.45946	0.0	0.0	0.45946	0.45946	1	0.47222	0.0	0.0	0.47222	0.47222	1	0.46575	0.0	0.0	0.46575	0.46575	1	0.67448	0.0	0.0	0.67448	0.67448	1
Recente	Original	ExtraTrees	grid_best_fold8	0.71	0.0	0.0	0.71	0.71	1	0.5814	0.0	0.0	0.5814	0.5814	1	0.69444	0.0	0.0	0.69444	0.69444	1	0.63291	0.0	0.0	0.63291	0.63291	1	0.77496	0.0	0.0	0.77496	0.77496	1
Recente	Original	ExtraTrees	grid_best_fold9	0.75	0.0	0.0	0.75	0.75	1	0.64103	0.0	0.0	0.64103	0.64103	1	0.69444	0.0	0.0	0.69444	0.69444	1	0.66667	0.0	0.0	0.66667	0.66667	1	0.76953	0.0	0.0	0.76953	0.76953	1
Recente	Original	GaussianNB	grid_best_fold1	0.54	0.0	0.0	0.54	0.54	1	0.4321	0.0	0.0	0.4321	0.4321	1	1.0	0.0	0.0	1.0	1.0	1	0.60345	0.0	0.0	0.60345	0.60345	1	0.65385	0.0	0.0	0.65385	0.65385	1
Recente	Original	GaussianNB	grid_best_fold10	0.59	0.0	0.0	0.59	0.59	1	0.46667	0.0	0.0	0.46667	0.46667	1	0.97222	0.0	0.0	0.97222	0.97222	1	0.63063	0.0	0.0	0.63063	0.63063	1	0.69401	0.0	0.0	0.69401	0.69401	1
Recente	Original	GaussianNB	grid_best_fold2	0.57	0.0	0.0	0.57	0.57	1	0.44737	0.0	0.0	0.44737	0.44737	1	0.97143	0.0	0.0	0.97143	0.97143	1	0.61261	0.0	0.0	0.61261	0.61261	1	0.66681	0.0	0.0	0.66681	0.66681	1
Recente	Original	GaussianNB	grid_best_fold3	0.63	0.0	0.0	0.63	0.63	1	0.49275	0.0	0.0	0.49275	0.49275	1	0.94444	0.0	0.0	0.94444	0.94444	1	0.64762	0.0	0.0	0.64762	0.64762	1	0.7105	0.0	0.0	0.7105	0.7105	1
Recente	Original	GaussianNB	grid_best_fold4	0.65	0.0	0.0	0.65	0.65	1	0.50704	0.0	0.0	0.50704	0.50704	1	1.0	0.0	0.0	1.0	1.0	1	0.6729	0.0	0.0	0.6729	0.6729	1	0.71897	0.0	0.0	0.71897	0.71897	1
Recente	Original	GaussianNB	grid_best_fold5	0.71	0.0	0.0	0.71	0.71	1	0.55385	0.0	0.0	0.55385	0.55385	1	1.0	0.0	0.0	1.0	1.0	1	0.71287	0.0	0.0	0.71287	0.71287	1	0.77344	0.0	0.0	0.77344	0.77344	1
Recente	Original	GaussianNB	grid_best_fold6	0.71	0.0	0.0	0.71	0.71	1	0.55738	0.0	0.0	0.55738	0.55738	1	0.94444	0.0	0.0	0.94444	0.94444	1	0.70103	0.0	0.0	0.70103	0.70103	1	0.77387	0.0	0.0	0.77387	0.77387	1
Recente	Original	GaussianNB	grid_best_fold7	0.62	0.0	0.0	0.62	0.62	1	0.48649	0.0	0.0	0.48649	0.48649	1	1.0	0.0	0.0	1.0	1.0	1	0.65455	0.0	0.0	0.65455	0.65455	1	0.70312	0.0	0.0	0.70312	0.70312	1
Recente	Original	GaussianNB	grid_best_fold8	0.57	0.0	0.0	0.57	0.57	1	0.45333	0.0	0.0	0.45333	0.45333	1	0.94444	0.0	0.0	0.94444	0.94444	1	0.61261	0.0	0.0	0.61261	0.61261	1	0.65017	0.0	0.0	0.65017	0.65017	1
Recente	Original	GaussianNB	grid_best_fold9	0.61	0.0	0.0	0.61	0.61	1	0.47826	0.0	0.0	0.47826	0.47826	1	0.91667	0.0	0.0	0.91667	0.91667	1	0.62857	0.0	0.0	0.62857	0.62857	1	0.69944	0.0	0.0	0.69944	0.69944	1
Recente	Original	GradientBoosting	grid_best_fold1	0.63	0.0	0.0	0.63	0.63	1	0.47059	0.0	0.0	0.47059	0.47059	1	0.45714	0.0	0.0	0.45714	0.45714	1	0.46377	0.0	0.0	0.46377	0.46377	1	0.67209	0.0	0.0	0.67209	0.67209	1
Recente	Original	GradientBoosting	grid_best_fold10	0.63	0.0	0.0	0.63	0.63	1	0.48649	0.0	0.0	0.48649	0.48649	1	0.5	0.0	0.0	0.5	0.5	1	0.49315	0.0	0.0	0.49315	0.49315	1	0.69184	0.0	0.0	0.69184	0.69184	1
Recente	Original	GradientBoosting	grid_best_fold2	0.62	0.0	0.0	0.62	0.62	1	0.46512	0.0	0.0	0.46512	0.46512	1	0.57143	0.0	0.0	0.57143	0.57143	1	0.51282	0.0	0.0	0.51282	0.51282	1	0.66989	0.0	0.0	0.66989	0.66989	1
Recente	Original	GradientBoosting	grid_best_fold3	0.66	0.0	0.0	0.66	0.66	1	0.53846	0.0	0.0	0.53846	0.53846	1	0.38889	0.0	0.0	0.38889	0.38889	1	0.45161	0.0	0.0	0.45161	0.45161	1	0.76259	0.0	0.0	0.76259	0.76259	1
Recente	Original	GradientBoosting	grid_best_fold4	0.62	0.0	0.0	0.62	0.62	1	0.45455	0.0	0.0	0.45455	0.45455	1	0.27778	0.0	0.0	0.27778	0.27778	1	0.34483	0.0	0.0	0.34483	0.34483	1	0.71615	0.0	0.0	0.71615	0.71615	1
Recente	Original	GradientBoosting	grid_best_fold5	0.62	0.0	0.0	0.62	0.62	1	0.46667	0.0	0.0	0.46667	0.46667	1	0.38889	0.0	0.0	0.38889	0.38889	1	0.42424	0.0	0.0	0.42424	0.42424	1	0.68359	0.0	0.0	0.68359	0.68359	1
Recente	Original	GradientBoosting	grid_best_fold6	0.63	0.0	0.0	0.63	0.63	1	0.48148	0.0	0.0	0.48148	0.48148	1	0.36111	0.0	0.0	0.36111	0.36111	1	0.4127	0.0	0.0	0.4127	0.4127	1	0.7474	0.0	0.0	0.7474	0.7474	1
Recente	Original	GradientBoosting	grid_best_fold7	0.61	0.0	0.0	0.61	0.61	1	0.46154	0.0	0.0	0.46154	0.46154	1	0.5	0.0	0.0	0.5	0.5	1	0.48	0.0	0.0	0.48	0.48	1	0.66493	0.0	0.0	0.66493	0.66493	1
Recente	Original	GradientBoosting	grid_best_fold8	0.61	0.0	0.0	0.61	0.61	1	0.46341	0.0	0.0	0.46341	0.46341	1	0.52778	0.0	0.0	0.52778	0.52778	1	0.49351	0.0	0.0	0.49351	0.49351	1	0.6888	0.0	0.0	0.6888	0.6888	1
Recente	Original	GradientBoosting	grid_best_fold9	0.61	0.0	0.0	0.61	0.61	1	0.45161	0.0	0.0	0.45161	0.45161	1	0.38889	0.0	0.0	0.38889	0.38889	1	0.41791	0.0	0.0	0.41791	0.41791	1	0.70573	0.0	0.0	0.70573	0.70573	1
Recente	Original	HistGradientBoosting	grid_best_fold1	0.58	0.0	0.0	0.58	0.58	1	0.4	0.0	0.0	0.4	0.4	1	0.4	0.0	0.0	0.4	0.4	1	0.4	0.0	0.0	0.4	0.4	1	0.62945	0.0	0.0	0.62945	0.62945	1
Recente	Original	HistGradientBoosting	grid_best_fold10	0.66	0.0	0.0	0.66	0.66	1	0.52778	0.0	0.0	0.52778	0.52778	1	0.52778	0.0	0.0	0.52778	0.52778	1	0.52778	0.0	0.0	0.52778	0.52778	1	0.7066	0.0	0.0	0.7066	0.7066	1
Recente	Original	HistGradientBoosting	grid_best_fold2	0.66	0.0	0.0	0.66	0.66	1	0.51163	0.0	0.0	0.51163	0.51163	1	0.62857	0.0	0.0	0.62857	0.62857	1	0.5641	0.0	0.0	0.5641	0.5641	1	0.67736	0.0	0.0	0.67736	0.67736	1
Recente	Original	HistGradientBoosting	grid_best_fold3	0.64	0.0	0.0	0.64	0.64	1	0.5	0.0	0.0	0.5	0.5	1	0.5	0.0	0.0	0.5	0.5	1	0.5	0.0	0.0	0.5	0.5	1	0.74349	0.0	0.0	0.74349	0.74349	1
Recente	Original	HistGradientBoosting	grid_best_fold4	0.61	0.0	0.0	0.61	0.61	1	0.44	0.0	0.0	0.44	0.44	1	0.30556	0.0	0.0	0.30556	0.30556	1	0.36066	0.0	0.0	0.36066	0.36066	1	0.69314	0.0	0.0	0.69314	0.69314	1
Recente	Original	HistGradientBoosting	grid_best_fold5	0.66	0.0	0.0	0.66	0.66	1	0.52778	0.0	0.0	0.52778	0.52778	1	0.52778	0.0	0.0	0.52778	0.52778	1	0.52778	0.0	0.0	0.52778	0.52778	1	0.70833	0.0	0.0	0.70833	0.70833	1
Recente	Original	HistGradientBoosting	grid_best_fold6	0.62	0.0	0.0	0.62	0.62	1	0.47059	0.0	0.0	0.47059	0.47059	1	0.44444	0.0	0.0	0.44444	0.44444	1	0.45714	0.0	0.0	0.45714	0.45714	1	0.73351	0.0	0.0	0.73351	0.73351	1
Recente	Original	HistGradientBoosting	grid_best_fold7	0.63	0.0	0.0	0.63	0.63	1	0.48571	0.0	0.0	0.48571	0.48571	1	0.47222	0.0	0.0	0.47222	0.47222	1	0.47887	0.0	0.0	0.47887	0.47887	1	0.67535	0.0	0.0	0.67535	0.67535	1
Recente	Original	HistGradientBoosting	grid_best_fold8	0.6	0.0	0.0	0.6	0.6	1	0.44737	0.0	0.0	0.44737	0.44737	1	0.47222	0.0	0.0	0.47222	0.47222	1	0.45946	0.0	0.0	0.45946	0.45946	1	0.66102	0.0	0.0	0.66102	0.66102	1
Recente	Original	HistGradientBoosting	grid_best_fold9	0.65	0.0	0.0	0.65	0.65	1	0.51724	0.0	0.0	0.51724	0.51724	1	0.41667	0.0	0.0	0.41667	0.41667	1	0.46154	0.0	0.0	0.46154	0.46154	1	0.71571	0.0	0.0	0.71571	0.71571	1
Recente	Original	KNN	grid_best_fold1	0.55	0.0	0.0	0.55	0.55	1	0.4	0.0	0.0	0.4	0.4	1	0.57143	0.0	0.0	0.57143	0.57143	1	0.47059	0.0	0.0	0.47059	0.47059	1	0.55495	0.0	0.0	0.55495	0.55495	1
Recente	Original	KNN	grid_best_fold10	0.67	0.0	0.0	0.67	0.67	1	0.53488	0.0	0.0	0.53488	0.53488	1	0.63889	0.0	0.0	0.63889	0.63889	1	0.58228	0.0	0.0	0.58228	0.58228	1	0.66319	0.0	0.0	0.66319	0.66319	1
Recente	Original	KNN	grid_best_fold2	0.63	0.0	0.0	0.63	0.63	1	0.47368	0.0	0.0	0.47368	0.47368	1	0.51429	0.0	0.0	0.51429	0.51429	1	0.49315	0.0	0.0	0.49315	0.49315	1	0.6033	0.0	0.0	0.6033	0.6033	1
Recente	Original	KNN	grid_best_fold3	0.62	0.0	0.0	0.62	0.62	1	0.46875	0.0	0.0	0.46875	0.46875	1	0.41667	0.0	0.0	0.41667	0.41667	1	0.44118	0.0	0.0	0.44118	0.44118	1	0.70334	0.0	0.0	0.70334	0.70334	1
Recente	Original	KNN	grid_best_fold4	0.68	0.0	0.0	0.68	0.68	1	0.57692	0.0	0.0	0.57692	0.57692	1	0.41667	0.0	0.0	0.41667	0.41667	1	0.48387	0.0	0.0	0.48387	0.48387	1	0.6224	0.0	0.0	0.6224	0.6224	1
Recente	Original	KNN	grid_best_fold5	0.69	0.0	0.0	0.69	0.69	1	0.58621	0.0	0.0	0.58621	0.58621	1	0.47222	0.0	0.0	0.47222	0.47222	1	0.52308	0.0	0.0	0.52308	0.52308	1	0.73372	0.0	0.0	0.73372	0.73372	1
Recente	Original	KNN	grid_best_fold6	0.66	0.0	0.0	0.66	0.66	1	0.54167	0.0	0.0	0.54167	0.54167	1	0.36111	0.0	0.0	0.36111	0.36111	1	0.43333	0.0	0.0	0.43333	0.43333	1	0.72591	0.0	0.0	0.72591	0.72591	1
Recente	Original	KNN	grid_best_fold7	0.63	0.0	0.0	0.63	0.63	1	0.48649	0.0	0.0	0.48649	0.48649	1	0.5	0.0	0.0	0.5	0.5	1	0.49315	0.0	0.0	0.49315	0.49315	1	0.60156	0.0	0.0	0.60156	0.60156	1
Recente	Original	KNN	grid_best_fold8	0.56	0.0	0.0	0.56	0.56	1	0.40909	0.0	0.0	0.40909	0.40909	1	0.5	0.0	0.0	0.5	0.5	1	0.45	0.0	0.0	0.45	0.45	1	0.54688	0.0	0.0	0.54688	0.54688	1
Recente	Original	KNN	grid_best_fold9	0.63	0.0	0.0	0.63	0.63	1	0.48718	0.0	0.0	0.48718	0.48718	1	0.52778	0.0	0.0	0.52778	0.52778	1	0.50667	0.0	0.0	0.50667	0.50667	1	0.60764	0.0	0.0	0.60764	0.60764	1
Recente	Original	LR	grid_best_fold1	0.64	0.0	0.0	0.64	0.64	1	0.48571	0.0	0.0	0.48571	0.48571	1	0.48571	0.0	0.0	0.48571	0.48571	1	0.48571	0.0	0.0	0.48571	0.48571	1	0.69582	0.0	0.0	0.69582	0.69582	1
Recente	Original	LR	grid_best_fold10	0.59	0.0	0.0	0.59	0.59	1	0.43902	0.0	0.0	0.43902	0.43902	1	0.5	0.0	0.0	0.5	0.5	1	0.46753	0.0	0.0	0.46753	0.46753	1	0.67752	0.0	0.0	0.67752	0.67752	1
Recente	Original	LR	grid_best_fold2	0.6	0.0	0.0	0.6	0.6	1	0.43902	0.0	0.0	0.43902	0.43902	1	0.51429	0.0	0.0	0.51429	0.51429	1	0.47368	0.0	0.0	0.47368	0.47368	1	0.67385	0.0	0.0	0.67385	0.67385	1
Recente	Original	LR	grid_best_fold3	0.65	0.0	0.0	0.65	0.65	1	0.51724	0.0	0.0	0.51724	0.51724	1	0.41667	0.0	0.0	0.41667	0.41667	1	0.46154	0.0	0.0	0.46154	0.46154	1	0.71875	0.0	0.0	0.71875	0.71875	1
Recente	Original	LR	grid_best_fold4	0.69	0.0	0.0	0.69	0.69	1	0.6	0.0	0.0	0.6	0.6	1	0.41667	0.0	0.0	0.41667	0.41667	1	0.4918	0.0	0.0	0.4918	0.4918	1	0.75304	0.0	0.0	0.75304	0.75304	1
Recente	Original	LR	grid_best_fold5	0.62	0.0	0.0	0.62	0.62	1	0.46429	0.0	0.0	0.46429	0.46429	1	0.36111	0.0	0.0	0.36111	0.36111	1	0.40625	0.0	0.0	0.40625	0.40625	1	0.73264	0.0	0.0	0.73264	0.73264	1
Recente	Original	LR	grid_best_fold6	0.66	0.0	0.0	0.66	0.66	1	0.54167	0.0	0.0	0.54167	0.54167	1	0.36111	0.0	0.0	0.36111	0.36111	1	0.43333	0.0	0.0	0.43333	0.43333	1	0.77734	0.0	0.0	0.77734	0.77734	1
Recente	Original	LR	grid_best_fold7	0.6	0.0	0.0	0.6	0.6	1	0.44444	0.0	0.0	0.44444	0.44444	1	0.44444	0.0	0.0	0.44444	0.44444	1	0.44444	0.0	0.0	0.44444	0.44444	1	0.66189	0.0	0.0	0.66189	0.66189	1
Recente	Original	LR	grid_best_fold8	0.6	0.0	0.0	0.6	0.6	1	0.45833	0.0	0.0	0.45833	0.45833	1	0.61111	0.0	0.0	0.61111	0.61111	1	0.52381	0.0	0.0	0.52381	0.52381	1	0.67578	0.0	0.0	0.67578	0.67578	1
Recente	Original	LR	grid_best_fold9	0.67	0.0	0.0	0.67	0.67	1	0.54839	0.0	0.0	0.54839	0.54839	1	0.47222	0.0	0.0	0.47222	0.47222	1	0.50746	0.0	0.0	0.50746	0.50746	1	0.71007	0.0	0.0	0.71007	0.71007	1
Recente	Original	RF	grid_best_fold1	0.63	0.0	0.0	0.63	0.63	1	0.47826	0.0	0.0	0.47826	0.47826	1	0.62857	0.0	0.0	0.62857	0.62857	1	0.54321	0.0	0.0	0.54321	0.54321	1	0.68571	0.0	0.0	0.68571	0.68571	1
Recente	Original	RF	grid_best_fold10	0.61	0.0	0.0	0.61	0.61	1	0.46341	0.0	0.0	0.46341	0.46341	1	0.52778	0.0	0.0	0.52778	0.52778	1	0.49351	0.0	0.0	0.49351	0.49351	1	0.65365	0.0	0.0	0.65365	0.65365	1
Recente	Original	RF	grid_best_fold2	0.68	0.0	0.0	0.68	0.68	1	0.54286	0.0	0.0	0.54286	0.54286	1	0.54286	0.0	0.0	0.54286	0.54286	1	0.54286	0.0	0.0	0.54286	0.54286	1	0.64615	0.0	0.0	0.64615	0.64615	1
Recente	Original	RF	grid_best_fold3	0.74	0.0	0.0	0.74	0.74	1	0.64706	0.0	0.0	0.64706	0.64706	1	0.61111	0.0	0.0	0.61111	0.61111	1	0.62857	0.0	0.0	0.62857	0.62857	1	0.79926	0.0	0.0	0.79926	0.79926	1
Recente	Original	RF	grid_best_fold4	0.68	0.0	0.0	0.68	0.68	1	0.57692	0.0	0.0	0.57692	0.57692	1	0.41667	0.0	0.0	0.41667	0.41667	1	0.48387	0.0	0.0	0.48387	0.48387	1	0.75456	0.0	0.0	0.75456	0.75456	1
Recente	Original	RF	grid_best_fold5	0.63	0.0	0.0	0.63	0.63	1	0.48148	0.0	0.0	0.48148	0.48148	1	0.36111	0.0	0.0	0.36111	0.36111	1	0.4127	0.0	0.0	0.4127	0.4127	1	0.72201	0.0	0.0	0.72201	0.72201	1
Recente	Original	RF	grid_best_fold6	0.66	0.0	0.0	0.66	0.66	1	0.53333	0.0	0.0	0.53333	0.53333	1	0.44444	0.0	0.0	0.44444	0.44444	1	0.48485	0.0	0.0	0.48485	0.48485	1	0.75825	0.0	0.0	0.75825	0.75825	1
Recente	Original	RF	grid_best_fold7	0.59	0.0	0.0	0.59	0.59	1	0.41935	0.0	0.0	0.41935	0.41935	1	0.36111	0.0	0.0	0.36111	0.36111	1	0.38806	0.0	0.0	0.38806	0.38806	1	0.64714	0.0	0.0	0.64714	0.64714	1
Recente	Original	RF	grid_best_fold8	0.69	0.0	0.0	0.69	0.69	1	0.55556	0.0	0.0	0.55556	0.55556	1	0.69444	0.0	0.0	0.69444	0.69444	1	0.61728	0.0	0.0	0.61728	0.61728	1	0.74132	0.0	0.0	0.74132	0.74132	1
Recente	Original	RF	grid_best_fold9	0.64	0.0	0.0	0.64	0.64	1	0.5	0.0	0.0	0.5	0.5	1	0.5	0.0	0.0	0.5	0.5	1	0.5	0.0	0.0	0.5	0.5	1	0.7322	0.0	0.0	0.7322	0.7322	1
Recente	Original	SVC	grid_best_fold1	0.64	0.0	0.0	0.64	0.64	1	0.48	0.0	0.0	0.48	0.48	1	0.34286	0.0	0.0	0.34286	0.34286	1	0.4	0.0	0.0	0.4	0.4	1	0.70505	0.0	0.0	0.70505	0.70505	1
Recente	Original	SVC	grid_best_fold10	0.68	0.0	0.0	0.68	0.68	1	0.59091	0.0	0.0	0.59091	0.59091	1	0.36111	0.0	0.0	0.36111	0.36111	1	0.44828	0.0	0.0	0.44828	0.44828	1	0.74848	0.0	0.0	0.74848	0.74848	1
Recente	Original	SVC	grid_best_fold2	0.63	0.0	0.0	0.63	0.63	1	0.46429	0.0	0.0	0.46429	0.46429	1	0.37143	0.0	0.0	0.37143	0.37143	1	0.4127	0.0	0.0	0.4127	0.4127	1	0.68791	0.0	0.0	0.68791	0.68791	1
Recente	Original	SVC	grid_best_fold3	0.59	0.0	0.0	0.59	0.59	1	0.35294	0.0	0.0	0.35294	0.35294	1	0.16667	0.0	0.0	0.16667	0.16667	1	0.22642	0.0	0.0	0.22642	0.22642	1	0.69683	0.0	0.0	0.69683	0.69683	1
Recente	Original	SVC	grid_best_fold4	0.64	0.0	0.0	0.64	0.64	1	0.5	0.0	0.0	0.5	0.5	1	0.38889	0.0	0.0	0.38889	0.38889	1	0.4375	0.0	0.0	0.4375	0.4375	1	0.73394	0.0	0.0	0.73394	0.73394	1
Recente	Original	SVC	grid_best_fold5	0.61	0.0	0.0	0.61	0.61	1	0.44	0.0	0.0	0.44	0.44	1	0.30556	0.0	0.0	0.30556	0.30556	1	0.36066	0.0	0.0	0.36066	0.36066	1	0.71615	0.0	0.0	0.71615	0.71615	1
Recente	Original	SVC	grid_best_fold6	0.59	0.0	0.0	0.59	0.59	1	0.35294	0.0	0.0	0.35294	0.35294	1	0.16667	0.0	0.0	0.16667	0.16667	1	0.22642	0.0	0.0	0.22642	0.22642	1	0.75651	0.0	0.0	0.75651	0.75651	1
Recente	Original	SVC	grid_best_fold7	0.6	0.0	0.0	0.6	0.6	1	0.42308	0.0	0.0	0.42308	0.42308	1	0.30556	0.0	0.0	0.30556	0.30556	1	0.35484	0.0	0.0	0.35484	0.35484	1	0.66276	0.0	0.0	0.66276	0.66276	1
Recente	Original	SVC	grid_best_fold8	0.66	0.0	0.0	0.66	0.66	1	0.52941	0.0	0.0	0.52941	0.52941	1	0.5	0.0	0.0	0.5	0.5	1	0.51429	0.0	0.0	0.51429	0.51429	1	0.72808	0.0	0.0	0.72808	0.72808	1
Recente	Original	SVC	grid_best_fold9	0.66	0.0	0.0	0.66	0.66	1	0.53571	0.0	0.0	0.53571	0.53571	1	0.41667	0.0	0.0	0.41667	0.41667	1	0.46875	0.0	0.0	0.46875	0.46875	1	0.72352	0.0	0.0	0.72352	0.72352	1
